ID,Name,Age,Photo,Nationality,Flag,Overall,Potential,Club,Club Logo,Value,Wage,Special,Preferred Foot,International Reputation,Weak Foot,Skill Moves,Work Rate,Body Type,Real Face,Position,Jersey Number,Joined,Loaned From,Contract Valid Until,Height,Weight,Crossing,Finishing,HeadingAccuracy,ShortPassing,Volleys,Dribbling,Curve,FKAccuracy,LongPassing,BallControl,Acceleration,SprintSpeed,Agility,Reactions,Balance,ShotPower,Jumping,Stamina,Strength,LongShots,Aggression,Interceptions,Positioning,Vision,Penalties,Composure,Marking,StandingTackle,SlidingTackle,GKDiving,GKHandling,GKKicking,GKPositioning,GKReflexes,Best Position,Best Overall Rating,Release Clause,DefensiveAwareness,liga
178518, R. Nainggolan,32,https://cdn.sofifa.com/players/178/518/20_60.png,Belgium,https://cdn.sofifa.com/flags/be.png,83,83,Inter,https://cdn.sofifa.com/teams/44/light_30.png,€20M,€125K,2270,Right,3.0,3.0,3.0,High/ High,PLAYER_BODY_TYPE_282,Yes,"<span class=""pos pos28"">SUB",44.0,"Jul 1, 2018",,2022,5'9,143lbs,73.0,75.0,59.0,85.0,75.0,83.0,73.0,68.0,82.0,84.0,71.0,71.0,75.0,85.0,83.0,86.0,74.0,89.0,75.0,89.0,88.0,86.0,84.0,80.0,63.0,84.0,,86.0,90.0,11.0,11.0,14.0,8.0,11.0,CDM,85.0,€33M,83.0,Serie A
181872, A. Vidal,33,https://cdn.sofifa.com/players/181/872/20_60.png,Chile,https://cdn.sofifa.com/flags/cl.png,83,83,Inter,https://cdn.sofifa.com/teams/44/light_30.png,€15M,€125K,2241,Right,4.0,4.0,3.0,High/ High,PLAYER_BODY_TYPE_267,Yes,"<span class=""pos pos18"">CAM",22.0,"Sep 22, 2020",,2022,5'11,165lbs,76.0,75.0,81.0,81.0,78.0,76.0,76.0,68.0,80.0,82.0,66.0,65.0,73.0,85.0,77.0,84.0,82.0,86.0,83.0,81.0,93.0,84.0,82.0,81.0,81.0,80.0,,86.0,83.0,4.0,2.0,4.0,2.0,4.0,CM,83.0,€24.8M,80.0,Serie A
185103, A. Kolarov,34,https://cdn.sofifa.com/players/185/103/20_60.png,Serbia,https://cdn.sofifa.com/flags/rs.png,82,82,Inter,https://cdn.sofifa.com/teams/44/light_30.png,€8M,€105K,2239,Left,2.0,3.0,3.0,High/ Medium,Normal (185+),Yes,"<span class=""pos pos28"">SUB",11.0,"Sep 8, 2020",,2021,6'2,179lbs,90.0,60.0,80.0,78.0,64.0,80.0,85.0,88.0,77.0,77.0,69.0,67.0,61.0,83.0,58.0,95.0,79.0,79.0,73.0,86.0,86.0,82.0,78.0,77.0,80.0,90.0,,83.0,81.0,16.0,15.0,8.0,16.0,6.0,LB,82.0,€13.2M,82.0,Serie A
223848, S. Milinković-Savić,25,https://cdn.sofifa.com/players/223/848/20_60.png,Serbia,https://cdn.sofifa.com/flags/rs.png,85,89,Lazio,https://cdn.sofifa.com/teams/46/light_30.png,€49M,€94K,2225,Right,2.0,4.0,4.0,High/ Medium,Normal (185+),Yes,"<span class=""pos pos13"">RCM",21.0,"Aug 6, 2015",,2024,6'3,168lbs,64.0,80.0,86.0,85.0,74.0,86.0,78.0,75.0,85.0,88.0,66.0,72.0,64.0,83.0,63.0,83.0,85.0,85.0,88.0,80.0,79.0,78.0,79.0,85.0,56.0,84.0,,79.0,74.0,7.0,10.0,7.0,16.0,7.0,CM,86.0,€87M,78.0,Serie A
20801, Cristiano Ronaldo,35,https://cdn.sofifa.com/players/020/801/20_60.png,Portugal,https://cdn.sofifa.com/flags/pt.png,92,92,Juventus,https://cdn.sofifa.com/teams/45/light_30.png,€46M,€220K,2221,Right,5.0,4.0,5.0,High/ Low,C. Ronaldo,Yes,"<span class=""pos pos26"">LS",7.0,"Jul 10, 2018",,2022,6'2,183lbs,84.0,95.0,90.0,82.0,86.0,88.0,81.0,76.0,77.0,92.0,87.0,91.0,87.0,95.0,71.0,94.0,95.0,84.0,78.0,93.0,63.0,29.0,95.0,82.0,84.0,95.0,,32.0,24.0,7.0,11.0,15.0,14.0,11.0,ST,92.0,€75.9M,28.0,Serie A
193082, J. Cuadrado,32,https://cdn.sofifa.com/players/193/082/20_60.png,Colombia,https://cdn.sofifa.com/flags/co.png,81,81,Juventus,https://cdn.sofifa.com/teams/45/light_30.png,€11M,€79K,2179,Right,3.0,3.0,5.0,High/ Medium,Lean (170-185),Yes,"<span class=""pos pos16"">LM",16.0,"Feb 2, 2015",,2022,5'10,159lbs,83.0,64.0,67.0,81.0,70.0,90.0,78.0,69.0,69.0,85.0,88.0,90.0,91.0,81.0,81.0,84.0,74.0,71.0,54.0,80.0,78.0,68.0,78.0,76.0,65.0,80.0,,78.0,81.0,5.0,5.0,13.0,6.0,9.0,RW,82.0,€18.2M,67.0,Serie A
173210, 19 C. Marchisio,31,https://cdn.sofifa.com/players/173/210/19_60.png,Italy,https://cdn.sofifa.com/flags/it.png,84,84,Juventus,https://cdn.sofifa.com/teams/45/light_30.png,€19.5M,€130K,2179,Right,3.0,4.0,3.0,High/ High,Normal (170-185),Yes,"<span class=""pos pos29"">RES",8.0,"Jun 1, 2007",,2020,5'11,163lbs,76.0,56.0,64.0,85.0,78.0,84.0,78.0,78.0,81.0,85.0,75.0,77.0,78.0,80.0,79.0,82.0,68.0,77.0,73.0,78.0,78.0,78.0,78.0,84.0,78.0,84.0,77.0,78.0,78.0,4.0,3.0,4.0,2.0,4.0,CM,81.0,€32.2M,,Serie A
191043, Alex Sandro,29,https://cdn.sofifa.com/players/191/043/20_60.png,Brazil,https://cdn.sofifa.com/flags/br.png,85,85,Juventus,https://cdn.sofifa.com/teams/45/light_30.png,€31.5M,€120K,2178,Left,3.0,3.0,3.0,High/ Medium,PLAYER_BODY_TYPE_341,Yes,"<span class=""pos pos28"">SUB",12.0,"Aug 21, 2015",,2023,5'11,176lbs,84.0,55.0,76.0,81.0,68.0,80.0,78.0,59.0,71.0,81.0,78.0,83.0,78.0,84.0,77.0,80.0,79.0,90.0,77.0,72.0,82.0,82.0,70.0,70.0,60.0,80.0,,81.0,82.0,7.0,7.0,9.0,12.0,5.0,LB,85.0,€52M,80.0,Serie A
216352, M. Brozović,27,https://cdn.sofifa.com/players/216/352/20_60.png,Croatia,https://cdn.sofifa.com/flags/hr.png,84,85,Inter,https://cdn.sofifa.com/teams/44/light_30.png,€32M,€125K,2176,Right,2.0,4.0,3.0,Medium/ High,Lean (170-185),Yes,"<span class=""pos pos15"">LCM",77.0,"Jul 1, 2016",,2022,5'11,150lbs,72.0,69.0,70.0,83.0,65.0,81.0,79.0,74.0,84.0,85.0,62.0,63.0,72.0,75.0,76.0,80.0,67.0,94.0,69.0,84.0,84.0,81.0,70.0,80.0,69.0,82.0,,81.0,79.0,8.0,8.0,15.0,11.0,8.0,CDM,84.0,€55.2M,78.0,Serie A
210008, A. Rabiot,25,https://cdn.sofifa.com/players/210/008/20_60.png,France,https://cdn.sofifa.com/flags/fr.png,81,82,Juventus,https://cdn.sofifa.com/teams/45/light_30.png,€21M,€83K,2166,Left,2.0,3.0,3.0,Medium/ Medium,Lean (185+),Yes,"<span class=""pos pos11"">LDM",25.0,"Jul 1, 2019",,2024,6'4,176lbs,70.0,69.0,77.0,84.0,72.0,78.0,73.0,59.0,79.0,84.0,69.0,74.0,75.0,83.0,72.0,80.0,73.0,77.0,82.0,79.0,76.0,80.0,76.0,80.0,67.0,81.0,,81.0,75.0,9.0,12.0,9.0,7.0,15.0,CM,82.0,€36.2M,70.0,Serie A
230658, Arthur,23,https://cdn.sofifa.com/players/230/658/20_60.png,Brazil,https://cdn.sofifa.com/flags/br.png,84,89,Juventus,https://cdn.sofifa.com/teams/45/light_30.png,€41M,€98K,2163,Right,2.0,3.0,4.0,Medium/ Medium,Normal (170-185),No,"<span class=""pos pos28"">SUB",5.0,"Sep 1, 2020",,2024,5'7,161lbs,73.0,70.0,58.0,88.0,63.0,87.0,76.0,60.0,84.0,89.0,68.0,65.0,79.0,85.0,90.0,78.0,68.0,76.0,68.0,76.0,75.0,77.0,75.0,86.0,69.0,90.0,,79.0,70.0,6.0,13.0,13.0,11.0,12.0,CM,86.0,€70.7M,76.0,Serie A
211110, P. Dybala,26,https://cdn.sofifa.com/players/211/110/20_60.png,Argentina,https://cdn.sofifa.com/flags/ar.png,88,89,Juventus,https://cdn.sofifa.com/teams/45/light_30.png,€71M,€190K,2154,Left,3.0,3.0,4.0,Medium/ Medium,PLAYER_BODY_TYPE_342,Yes,"<span class=""pos pos24"">RS",10.0,"Jul 1, 2015",,2022,5'10,165lbs,82.0,84.0,64.0,87.0,88.0,91.0,88.0,88.0,75.0,94.0,89.0,82.0,92.0,84.0,90.0,82.0,75.0,78.0,60.0,87.0,48.0,42.0,85.0,87.0,86.0,84.0,,48.0,40.0,5.0,4.0,4.0,5.0,8.0,CAM,89.0,€122.5M,32.0,Serie A
181458, I. Perišić,31,https://cdn.sofifa.com/players/181/458/20_60.png,Croatia,https://cdn.sofifa.com/flags/hr.png,82,82,Inter,https://cdn.sofifa.com/teams/44/light_30.png,€19.5M,€115K,2153,Left,3.0,5.0,4.0,Medium/ Medium,Normal (185+),Yes,"<span class=""pos pos28"">SUB",14.0,"Sep 1, 2015",,2022,6'1,176lbs,83.0,80.0,80.0,79.0,81.0,79.0,73.0,75.0,74.0,79.0,78.0,79.0,76.0,79.0,73.0,84.0,85.0,81.0,76.0,80.0,65.0,69.0,85.0,76.0,76.0,80.0,,52.0,54.0,6.0,7.0,10.0,9.0,6.0,LM,82.0,€32.2M,64.0,Serie A
230938, F. Kessié,23,https://cdn.sofifa.com/players/230/938/20_60.png,Ivory Coast,https://cdn.sofifa.com/flags/ci.png,77,82,Milan,https://cdn.sofifa.com/teams/47/light_30.png,€11.5M,€33K,2133,Right,2.0,4.0,3.0,High/ High,Normal (170-185),No,"<span class=""pos pos9"">RDM",79.0,"Jul 1, 2019",,2022,6'0,168lbs,66.0,64.0,68.0,79.0,60.0,78.0,58.0,48.0,75.0,79.0,68.0,73.0,68.0,78.0,79.0,84.0,79.0,92.0,85.0,76.0,86.0,80.0,74.0,70.0,82.0,76.0,,78.0,74.0,9.0,11.0,12.0,12.0,10.0,CDM,81.0,€20.4M,78.0,Serie A
224232, N. Barella,23,https://cdn.sofifa.com/players/224/232/20_60.png,Italy,https://cdn.sofifa.com/flags/it.png,80,87,Inter,https://cdn.sofifa.com/teams/44/light_30.png,€20.5M,€86K,2132,Right,2.0,3.0,3.0,Medium/ High,Normal (170-185),No,"<span class=""pos pos13"">RCM",23.0,"Aug 31, 2020",,2024,5'9,150lbs,76.0,63.0,40.0,82.0,65.0,83.0,75.0,67.0,78.0,83.0,80.0,76.0,78.0,79.0,83.0,72.0,62.0,87.0,62.0,66.0,82.0,79.0,75.0,79.0,73.0,80.0,,80.0,78.0,11.0,5.0,13.0,14.0,11.0,CM,82.0,€37.9M,75.0,Serie A
188427, S. Lulić,34,https://cdn.sofifa.com/players/188/427/20_60.png,Bosnia Herzegovina,https://cdn.sofifa.com/flags/ba.png,78,78,Lazio,https://cdn.sofifa.com/teams/46/light_30.png,€5M,€56K,2126,Right,2.0,3.0,3.0,High/ High,Normal (170-185),No,"<span class=""pos pos29"">RES",19.0,"Jul 1, 2011",,2021,6'0,172lbs,80.0,66.0,70.0,78.0,65.0,80.0,76.0,61.0,78.0,76.0,74.0,79.0,70.0,78.0,76.0,84.0,69.0,89.0,71.0,76.0,78.0,74.0,78.0,72.0,55.0,74.0,,78.0,76.0,5.0,12.0,14.0,10.0,5.0,LM,78.0,€8.5M,73.0,Serie A
235212, A. Hakimi,21,https://cdn.sofifa.com/players/235/212/20_60.png,Morocco,https://cdn.sofifa.com/flags/ma.png,83,88,Inter,https://cdn.sofifa.com/teams/44/light_30.png,€35M,€92K,2122,Right,1.0,2.0,3.0,High/ Medium,Lean (170-185),Yes,"<span class=""pos pos12"">RM",98.0,"Sep 9, 2020",,2025,5'11,161lbs,81.0,73.0,63.0,81.0,60.0,84.0,68.0,55.0,72.0,83.0,93.0,95.0,77.0,81.0,74.0,77.0,75.0,86.0,73.0,63.0,72.0,78.0,75.0,74.0,46.0,79.0,,74.0,76.0,10.0,8.0,14.0,6.0,8.0,RM,84.0,€60.4M,67.0,Serie A
186561, A. Ramsey,29,https://cdn.sofifa.com/players/186/561/20_60.png,Wales,https://cdn.sofifa.com/flags/gb-wls.png,82,82,Juventus,https://cdn.sofifa.com/teams/45/light_30.png,€21.5M,€98K,2120,Right,3.0,3.0,3.0,High/ High,Lean (170-185),Yes,"<span class=""pos pos18"">CAM",8.0,"Jul 1, 2019",,2023,6'0,168lbs,75.0,75.0,58.0,84.0,79.0,81.0,70.0,66.0,80.0,83.0,67.0,68.0,72.0,81.0,74.0,81.0,66.0,89.0,66.0,74.0,74.0,69.0,84.0,81.0,75.0,81.0,,72.0,68.0,6.0,11.0,5.0,10.0,8.0,CM,82.0,€35.5M,68.0,Serie A
186832, K. Asamoah,31,https://cdn.sofifa.com/players/186/832/20_60.png,Ghana,https://cdn.sofifa.com/flags/gh.png,76,76,Inter,https://cdn.sofifa.com/teams/44/light_30.png,€7M,€74K,2119,Left,2.0,3.0,4.0,High/ High,Stocky (170-185),No,"<span class=""pos pos28"">SUB",18.0,"Jul 2, 2018",,2021,5'8,165lbs,76.0,55.0,68.0,78.0,76.0,79.0,72.0,68.0,77.0,79.0,74.0,69.0,83.0,76.0,83.0,84.0,77.0,67.0,70.0,76.0,82.0,76.0,77.0,74.0,64.0,74.0,,80.0,80.0,5.0,4.0,3.0,4.0,5.0,CDM,77.0,€11.6M,78.0,Serie A
231478, L. Martínez,22,https://cdn.sofifa.com/players/231/478/20_60.png,Argentina,https://cdn.sofifa.com/flags/ar.png,84,91,Inter,https://cdn.sofifa.com/teams/44/light_30.png,€44.5M,€130K,2115,Right,1.0,4.0,4.0,High/ Medium,Normal (170-185),Yes,"<span class=""pos pos26"">LS",10.0,"Jul 5, 2018",,2023,5'9,179lbs,56.0,86.0,84.0,78.0,83.0,87.0,78.0,43.0,73.0,84.0,84.0,83.0,86.0,84.0,78.0,80.0,88.0,77.0,83.0,74.0,86.0,45.0,85.0,77.0,74.0,83.0,,31.0,44.0,11.0,8.0,8.0,8.0,13.0,ST,86.0,€82.3M,56.0,Serie A
199304, Danilo,28,https://cdn.sofifa.com/players/199/304/20_60.png,Brazil,https://cdn.sofifa.com/flags/br.png,79,79,Juventus,https://cdn.sofifa.com/teams/45/light_30.png,€11M,€73K,2112,Right,2.0,4.0,3.0,High/ Medium,Lean (170-185),Yes,"<span class=""pos pos4"">RCB",13.0,"Aug 7, 2019",,2024,6'0,172lbs,78.0,61.0,69.0,79.0,73.0,74.0,77.0,76.0,69.0,79.0,67.0,70.0,67.0,79.0,64.0,84.0,75.0,75.0,73.0,74.0,75.0,81.0,72.0,64.0,67.0,69.0,,79.0,79.0,14.0,5.0,15.0,14.0,5.0,RB,79.0,€18.2M,79.0,Serie A
226271, Fabián,24,https://cdn.sofifa.com/players/226/271/20_60.png,Spain,https://cdn.sofifa.com/flags/es.png,82,88,Napoli,https://cdn.sofifa.com/teams/48/light_30.png,€30M,€70K,2105,Left,1.0,4.0,4.0,Medium/ Medium,Lean (185+),Yes,"<span class=""pos pos13"">RCM",8.0,"Jul 5, 2018",,2023,6'2,154lbs,72.0,79.0,67.0,81.0,67.0,85.0,75.0,59.0,81.0,85.0,67.0,60.0,71.0,83.0,66.0,75.0,46.0,75.0,67.0,83.0,68.0,77.0,82.0,84.0,67.0,77.0,,78.0,75.0,16.0,11.0,7.0,13.0,13.0,CM,84.0,€57M,70.0,Serie A
184941, A. Sánchez,31,https://cdn.sofifa.com/players/184/941/20_60.png,Chile,https://cdn.sofifa.com/flags/cl.png,80,80,Inter,https://cdn.sofifa.com/teams/44/light_30.png,€13M,€105K,2103,Right,4.0,3.0,4.0,High/ High,PLAYER_BODY_TYPE_302,Yes,"<span class=""pos pos28"">SUB",7.0,"Aug 7, 2020",,2023,5'6,137lbs,77.0,76.0,68.0,76.0,83.0,85.0,79.0,78.0,74.0,84.0,81.0,77.0,86.0,79.0,87.0,81.0,85.0,68.0,68.0,77.0,76.0,46.0,82.0,79.0,74.0,77.0,,44.0,35.0,10.0,10.0,15.0,12.0,13.0,LW,80.0,€21.5M,38.0,Serie A
212404, F. Bernardeschi,26,https://cdn.sofifa.com/players/212/404/20_60.png,Italy,https://cdn.sofifa.com/flags/it.png,80,82,Juventus,https://cdn.sofifa.com/teams/45/light_30.png,€18M,€81K,2100,Left,2.0,3.0,5.0,High/ Medium,Lean (185+),Yes,"<span class=""pos pos28"">SUB",33.0,"Jul 24, 2017",,2022,6'1,170lbs,81.0,68.0,54.0,83.0,74.0,84.0,82.0,80.0,71.0,84.0,81.0,79.0,85.0,78.0,79.0,82.0,49.0,77.0,66.0,82.0,52.0,66.0,78.0,79.0,72.0,78.0,,54.0,50.0,14.0,15.0,10.0,13.0,12.0,CAM,82.0,€31.1M,66.0,Serie A
181783, 20 M. Mandžukić,33,https://cdn.sofifa.com/players/181/783/20_60.png,Croatia,https://cdn.sofifa.com/flags/hr.png,83,83,Juventus,https://cdn.sofifa.com/teams/45/light_30.png,€16.5M,€140K,2094,Right,3.0,3.0,3.0,High/ High,Lean (185+),Yes,"<span class=""pos pos28"">SUB",17.0,"Jul 1, 2015",,2021,6'3,187lbs,72.0,83.0,90.0,75.0,84.0,75.0,64.0,49.0,67.0,79.0,61.0,73.0,65.0,88.0,55.0,83.0,85.0,79.0,87.0,61.0,88.0,66.0,87.0,74.0,75.0,80.0,,64.0,60.0,10.0,8.0,5.0,8.0,15.0,ST,81.0,€27.2M,59.0,Serie A
183498, M. Parolo,35,https://cdn.sofifa.com/players/183/498/20_60.png,Italy,https://cdn.sofifa.com/flags/it.png,79,79,Lazio,https://cdn.sofifa.com/teams/46/light_30.png,€4M,€40K,2092,Right,2.0,4.0,3.0,High/ High,Lean (170-185),No,"<span class=""pos pos28"">SUB",16.0,"Jul 1, 2014",,2021,6'0,165lbs,70.0,70.0,75.0,78.0,76.0,75.0,67.0,55.0,79.0,78.0,64.0,52.0,63.0,80.0,71.0,87.0,77.0,75.0,69.0,84.0,80.0,80.0,82.0,78.0,45.0,78.0,,79.0,80.0,13.0,9.0,6.0,7.0,9.0,CDM,79.0,€6.8M,79.0,Serie A
190460, C. Eriksen,28,https://cdn.sofifa.com/players/190/460/20_60.png,Denmark,https://cdn.sofifa.com/flags/dk.png,85,85,Inter,https://cdn.sofifa.com/teams/44/light_30.png,€39M,€155K,2090,Right,3.0,5.0,4.0,High/ High,PLAYER_BODY_TYPE_299,Yes,"<span class=""pos pos28"">SUB",24.0,"Jan 28, 2020",,2024,5'11,168lbs,86.0,77.0,52.0,90.0,80.0,77.0,89.0,85.0,87.0,90.0,74.0,70.0,77.0,84.0,80.0,84.0,49.0,92.0,56.0,89.0,46.0,56.0,82.0,90.0,67.0,86.0,,57.0,22.0,9.0,14.0,7.0,7.0,6.0,CAM,85.0,€64.4M,59.0,Serie A
233927, Lucas Paquetá,22,https://cdn.sofifa.com/players/233/927/20_60.png,Brazil,https://cdn.sofifa.com/flags/br.png,76,81,Milan,https://cdn.sofifa.com/teams/47/light_30.png,€10M,€30K,2087,Left,1.0,2.0,4.0,High/ Medium,Lean (170-185),No,"<span class=""pos pos28"">SUB",39.0,"Jan 4, 2019",,2023,5'11,159lbs,68.0,72.0,56.0,78.0,70.0,84.0,80.0,73.0,76.0,80.0,73.0,76.0,74.0,74.0,70.0,77.0,81.0,82.0,69.0,74.0,78.0,58.0,80.0,74.0,75.0,82.0,,64.0,56.0,14.0,9.0,12.0,11.0,11.0,CAM,79.0,€17.8M,58.0,Serie A
241096, S. Tonali,20,https://cdn.sofifa.com/players/241/096/20_60.png,Italy,https://cdn.sofifa.com/flags/it.png,77,91,Milan,https://cdn.sofifa.com/teams/47/light_30.png,€18.5M,€25K,2084,Right,1.0,4.0,3.0,Medium/ High,Normal (170-185),No,"<span class=""pos pos28"">SUB",8.0,"Jul 1, 2017",,2021,5'11,176lbs,70.0,60.0,69.0,82.0,60.0,76.0,75.0,75.0,81.0,79.0,83.0,78.0,74.0,74.0,75.0,75.0,63.0,74.0,79.0,70.0,76.0,74.0,60.0,78.0,64.0,74.0,,74.0,72.0,13.0,9.0,8.0,7.0,7.0,CM,78.0,€43M,70.0,Serie A
135475, 17 Felipe Melo,33,https://cdn.sofifa.com/players/135/475/17_60.png,Brazil,https://cdn.sofifa.com/flags/br.png,78,78,Inter,https://cdn.sofifa.com/teams/44/light_30.png,€3.8M,€60K,2082,Right,3.0,3.0,3.0,Medium/ High,Normal (170-185),Yes,"<span class=""pos pos29"">RES",83.0,"Aug 31, 2015",,2017,6'0,176lbs,64.0,61.0,81.0,78.0,67.0,73.0,55.0,56.0,76.0,75.0,69.0,69.0,69.0,66.0,66.0,84.0,84.0,72.0,82.0,74.0,92.0,76.0,65.0,72.0,74.0,74.0,73.0,80.0,78.0,12.0,8.0,13.0,12.0,6.0,CB,78.0,,,Serie A
176266, Lucas Leiva,33,https://cdn.sofifa.com/players/176/266/20_60.png,Brazil,https://cdn.sofifa.com/flags/br.png,84,84,Lazio,https://cdn.sofifa.com/teams/46/light_30.png,€15M,€83K,2082,Right,3.0,3.0,3.0,Medium/ High,Normal (170-185),Yes,"<span class=""pos pos10"">CDM",6.0,"Jul 18, 2017",,2022,5'10,172lbs,63.0,62.0,72.0,82.0,59.0,77.0,74.0,47.0,81.0,79.0,62.0,58.0,77.0,82.0,80.0,77.0,81.0,80.0,61.0,66.0,83.0,87.0,66.0,81.0,61.0,86.0,,84.0,81.0,10.0,8.0,8.0,5.0,6.0,CDM,84.0,€25.5M,82.0,Serie A
152908, A. Young,34,https://cdn.sofifa.com/players/152/908/20_60.png,England,https://cdn.sofifa.com/flags/gb-eng.png,77,77,Inter,https://cdn.sofifa.com/teams/44/light_30.png,€4.5M,€79K,2081,Right,2.0,3.0,4.0,Medium/ Medium,Lean (170-185),Yes,"<span class=""pos pos16"">LM",15.0,"Jan 17, 2020",,2021,5'9,143lbs,78.0,65.0,62.0,75.0,74.0,78.0,85.0,75.0,64.0,77.0,72.0,67.0,71.0,77.0,76.0,74.0,58.0,68.0,62.0,63.0,85.0,77.0,71.0,73.0,60.0,73.0,,75.0,73.0,16.0,10.0,15.0,16.0,15.0,LM,77.0,€7.4M,74.0,Serie A
210406, P. Zieliński,26,https://cdn.sofifa.com/players/210/406/20_60.png,Poland,https://cdn.sofifa.com/flags/pl.png,80,83,Napoli,https://cdn.sofifa.com/teams/48/light_30.png,€18M,€69K,2080,Right,3.0,5.0,4.0,Medium/ Medium,Lean (170-185),No,"<span class=""pos pos15"">LCM",20.0,"Aug 9, 2016",,2024,5'11,165lbs,77.0,68.0,52.0,84.0,75.0,85.0,80.0,65.0,80.0,85.0,77.0,81.0,78.0,76.0,76.0,76.0,52.0,71.0,56.0,82.0,56.0,75.0,77.0,83.0,51.0,75.0,,72.0,71.0,12.0,9.0,12.0,11.0,6.0,CAM,84.0,€32M,69.0,Serie A
224031, A. Marušić,27,https://cdn.sofifa.com/players/224/031/20_60.png,Montenegro,https://cdn.sofifa.com/flags/me.png,77,77,Lazio,https://cdn.sofifa.com/teams/46/light_30.png,€9.5M,€52K,2078,Right,1.0,4.0,3.0,High/ Medium,Normal (185+),No,"<span class=""pos pos16"">LM",77.0,"Jul 1, 2017",,2022,6'1,187lbs,78.0,66.0,72.0,75.0,68.0,78.0,72.0,48.0,68.0,77.0,85.0,88.0,64.0,76.0,67.0,79.0,80.0,75.0,77.0,77.0,71.0,73.0,73.0,72.0,58.0,72.0,,72.0,73.0,8.0,9.0,7.0,10.0,10.0,RM,77.0,€16.2M,72.0,Serie A
201454, F. Ghoulam,29,https://cdn.sofifa.com/players/201/454/20_60.png,Algeria,https://cdn.sofifa.com/flags/dz.png,79,79,Napoli,https://cdn.sofifa.com/teams/48/light_30.png,€10.5M,€62K,2071,Left,2.0,4.0,3.0,High/ Medium,Normal (170-185),No,"<span class=""pos pos28"">SUB",31.0,"Jan 31, 2014",,2022,6'0,176lbs,83.0,54.0,68.0,77.0,52.0,79.0,77.0,68.0,74.0,78.0,66.0,77.0,70.0,75.0,62.0,80.0,70.0,80.0,65.0,69.0,74.0,76.0,69.0,69.0,76.0,75.0,,78.0,80.0,12.0,7.0,8.0,8.0,13.0,LB,79.0,€17.9M,77.0,Serie A
190483, Douglas Costa,29,https://cdn.sofifa.com/players/190/483/20_60.png,Brazil,https://cdn.sofifa.com/flags/br.png,84,84,Juventus,https://cdn.sofifa.com/teams/45/light_30.png,€30.5M,€120K,2070,Left,3.0,3.0,5.0,High/ Medium,PLAYER_BODY_TYPE_339,Yes,"<span class=""pos pos28"">SUB",11.0,"Jul 1, 2018",,2022,5'8,154lbs,82.0,64.0,50.0,83.0,76.0,92.0,84.0,78.0,65.0,91.0,94.0,93.0,92.0,80.0,91.0,86.0,60.0,68.0,56.0,80.0,55.0,48.0,74.0,80.0,77.0,80.0,,38.0,34.0,13.0,15.0,9.0,12.0,5.0,LM,84.0,€50.3M,45.0,Serie A
179846, S. Khedira,33,https://cdn.sofifa.com/players/179/846/20_60.png,Germany,https://cdn.sofifa.com/flags/de.png,81,81,Juventus,https://cdn.sofifa.com/teams/45/light_30.png,€10.5M,€87K,2068,Right,3.0,4.0,2.0,Medium/ Medium,Normal (185+),Yes,"<span class=""pos pos29"">RES",6.0,"Jul 1, 2015",,2021,6'2,198lbs,72.0,68.0,76.0,83.0,78.0,80.0,64.0,60.0,81.0,82.0,41.0,49.0,53.0,81.0,54.0,82.0,66.0,65.0,85.0,78.0,82.0,82.0,78.0,78.0,68.0,84.0,,80.0,74.0,11.0,9.0,5.0,15.0,8.0,CM,81.0,€17.3M,80.0,Serie A
226754, I. Bennacer,22,https://cdn.sofifa.com/players/226/754/20_60.png,Algeria,https://cdn.sofifa.com/flags/dz.png,75,82,Milan,https://cdn.sofifa.com/teams/47/light_30.png,€8.5M,€26K,2065,Left,1.0,3.0,3.0,Medium/ Medium,Lean (170-185),No,"<span class=""pos pos11"">LDM",4.0,"Aug 4, 2019",,2024,5'8,141lbs,68.0,60.0,62.0,79.0,64.0,78.0,70.0,71.0,76.0,78.0,72.0,70.0,84.0,74.0,84.0,72.0,78.0,78.0,58.0,70.0,74.0,72.0,60.0,72.0,68.0,76.0,,72.0,69.0,9.0,12.0,10.0,16.0,15.0,CM,76.0,€16.2M,70.0,Serie A
232656, T. Hernández,22,https://cdn.sofifa.com/players/232/656/20_60.png,France,https://cdn.sofifa.com/flags/fr.png,80,85,Milan,https://cdn.sofifa.com/teams/47/light_30.png,€17.5M,€37K,2064,Left,1.0,3.0,3.0,High/ Medium,PLAYER_BODY_TYPE_332,Yes,"<span class=""pos pos7"">LB",19.0,"Jul 5, 2019",,2024,6'0,181lbs,80.0,65.0,72.0,78.0,66.0,79.0,63.0,64.0,60.0,76.0,90.0,93.0,75.0,76.0,61.0,75.0,61.0,80.0,78.0,69.0,75.0,69.0,76.0,70.0,41.0,77.0,,78.0,79.0,12.0,10.0,7.0,7.0,7.0,LB,80.0,€31.1M,72.0,Serie A
219985, M. Vecino,28,https://cdn.sofifa.com/players/219/985/20_60.png,Uruguay,https://cdn.sofifa.com/flags/uy.png,80,80,Inter,https://cdn.sofifa.com/teams/44/light_30.png,€13M,€94K,2062,Right,2.0,3.0,4.0,High/ High,Lean (185+),No,"<span class=""pos pos29"">RES",8.0,"Aug 2, 2017",,2022,6'2,179lbs,71.0,61.0,79.0,83.0,62.0,82.0,64.0,58.0,78.0,83.0,68.0,62.0,64.0,83.0,65.0,78.0,75.0,83.0,72.0,77.0,72.0,77.0,76.0,81.0,56.0,81.0,,78.0,75.0,4.0,4.0,4.0,4.0,4.0,CDM,80.0,€21.5M,79.0,Serie A
227535, R. Bentancur,23,https://cdn.sofifa.com/players/227/535/20_60.png,Uruguay,https://cdn.sofifa.com/flags/uy.png,79,85,Juventus,https://cdn.sofifa.com/teams/45/light_30.png,€17M,€67K,2060,Right,1.0,4.0,4.0,Medium/ Medium,Lean (185+),No,"<span class=""pos pos28"">SUB",30.0,"Jun 26, 2020",,2025,6'2,172lbs,77.0,52.0,62.0,85.0,60.0,84.0,68.0,68.0,79.0,85.0,68.0,76.0,68.0,78.0,68.0,65.0,73.0,87.0,64.0,62.0,78.0,71.0,64.0,76.0,64.0,80.0,,76.0,71.0,8.0,7.0,14.0,14.0,12.0,CM,81.0,€31.5M,76.0,Serie A
208128, H. Çalhanoğlu,26,https://cdn.sofifa.com/players/208/128/20_60.png,Turkey,https://cdn.sofifa.com/flags/tr.png,79,79,Milan,https://cdn.sofifa.com/teams/47/light_30.png,€13.5M,€48K,2059,Right,3.0,4.0,4.0,Medium/ Medium,Lean (170-185),Yes,"<span class=""pos pos18"">CAM",10.0,"Jul 3, 2017",,2021,5'10,168lbs,81.0,65.0,53.0,83.0,77.0,85.0,92.0,86.0,80.0,86.0,69.0,62.0,76.0,78.0,77.0,86.0,45.0,71.0,51.0,88.0,57.0,61.0,75.0,80.0,71.0,78.0,,56.0,56.0,9.0,14.0,11.0,6.0,10.0,CAM,80.0,€23M,62.0,Serie A
192387, C. Immobile,30,https://cdn.sofifa.com/players/192/387/20_60.png,Italy,https://cdn.sofifa.com/flags/it.png,87,87,Lazio,https://cdn.sofifa.com/teams/46/light_30.png,€48.5M,€125K,2057,Right,3.0,4.0,3.0,High/ Medium,PLAYER_BODY_TYPE_305,Yes,"<span class=""pos pos24"">RS",17.0,"Jul 27, 2016",,2025,6'1,187lbs,55.0,93.0,81.0,80.0,85.0,83.0,70.0,51.0,53.0,84.0,82.0,85.0,75.0,90.0,77.0,86.0,77.0,78.0,77.0,80.0,77.0,40.0,93.0,71.0,88.0,86.0,,33.0,32.0,6.0,8.0,15.0,12.0,6.0,ST,87.0,€82.5M,34.0,Serie A
238744, W. McKennie,21,https://cdn.sofifa.com/players/238/744/20_60.png,United States,https://cdn.sofifa.com/flags/us.png,75,84,Juventus,https://cdn.sofifa.com/teams/45/light_30.png,€10M,€43K,2049,Right,1.0,3.0,3.0,Medium/ Medium,Normal (185+),Yes,"<span class=""pos pos9"">RDM",14.0,"Jul 1, 2017",,2024,6'1,185lbs,57.0,59.0,82.0,76.0,49.0,75.0,56.0,55.0,69.0,76.0,67.0,82.0,67.0,78.0,69.0,73.0,92.0,83.0,83.0,67.0,82.0,74.0,75.0,75.0,58.0,68.0,,76.0,73.0,7.0,9.0,12.0,9.0,11.0,CB,79.0,€18.5M,73.0,Serie A
198706, Luis Alberto,27,https://cdn.sofifa.com/players/198/706/20_60.png,Spain,https://cdn.sofifa.com/flags/es.png,85,85,Lazio,https://cdn.sofifa.com/teams/46/light_30.png,€40.5M,€99K,2048,Right,2.0,3.0,4.0,Medium/ Medium,Lean (170-185),Yes,"<span class=""pos pos15"">LCM",10.0,"Aug 31, 2016",,2025,6'0,163lbs,76.0,77.0,49.0,90.0,76.0,86.0,86.0,81.0,89.0,88.0,76.0,72.0,81.0,80.0,74.0,77.0,53.0,75.0,64.0,76.0,29.0,55.0,80.0,88.0,56.0,78.0,,68.0,45.0,6.0,8.0,6.0,12.0,11.0,CAM,85.0,€68.9M,58.0,Serie A
204614, Mário Rui,29,https://cdn.sofifa.com/players/204/614/20_60.png,Portugal,https://cdn.sofifa.com/flags/pt.png,79,79,Napoli,https://cdn.sofifa.com/teams/48/light_30.png,€10.5M,€62K,2046,Left,2.0,3.0,3.0,High/ Medium,Lean (170-),No,"<span class=""pos pos28"">SUB",6.0,"Jan 6, 2018",,2025,5'7,148lbs,78.0,27.0,60.0,75.0,53.0,78.0,68.0,66.0,70.0,76.0,88.0,77.0,88.0,76.0,89.0,69.0,92.0,91.0,50.0,73.0,73.0,76.0,59.0,64.0,60.0,71.0,,75.0,75.0,13.0,5.0,9.0,8.0,14.0,LB,79.0,€17.9M,71.0,Serie A
212814, João Mário,27,https://cdn.sofifa.com/players/212/814/20_60.png,Portugal,https://cdn.sofifa.com/flags/pt.png,80,81,Inter,https://cdn.sofifa.com/teams/44/light_30.png,€16.5M,€99K,2045,Right,3.0,4.0,4.0,Medium/ Medium,Normal (170-185),Yes,"<span class=""pos pos29"">RES",55.0,"Aug 28, 2016",,2022,5'10,161lbs,76.0,64.0,55.0,84.0,69.0,84.0,74.0,67.0,79.0,85.0,71.0,68.0,80.0,73.0,77.0,76.0,62.0,77.0,65.0,72.0,60.0,72.0,73.0,82.0,66.0,82.0,,70.0,62.0,6.0,15.0,8.0,8.0,8.0,CM,80.0,€28.5M,57.0,Serie A
217870, G. Di Lorenzo,26,https://cdn.sofifa.com/players/217/870/20_60.png,Italy,https://cdn.sofifa.com/flags/it.png,76,77,Napoli,https://cdn.sofifa.com/teams/48/light_30.png,€8M,€47K,2045,Right,1.0,3.0,3.0,Medium/ Medium,Normal (170-185),No,"<span class=""pos pos3"">RB",22.0,"Jul 1, 2019",,2025,6'0,183lbs,76.0,68.0,71.0,73.0,66.0,75.0,69.0,69.0,71.0,73.0,68.0,71.0,72.0,75.0,72.0,72.0,75.0,78.0,72.0,69.0,74.0,75.0,70.0,64.0,59.0,72.0,,75.0,74.0,8.0,10.0,8.0,10.0,7.0,RB,76.0,€14.2M,76.0,Serie A
6083, 11 M. Jankulovski,33,https://cdn.sofifa.com/players/006/083/11_60.png,Czech Republic,https://cdn.sofifa.com/flags/cz.png,72,85,Milan,https://cdn.sofifa.com/teams/47/light_30.png,€0,€0,2044,Left,2.0,3.0,2.0,N/A/ N/A,Normal (170-185),Yes,"<span class=""pos pos29"">RES",18.0,"Jan 1, 2005",,2011,6'0,181lbs,80.0,48.0,66.0,78.0,72.0,74.0,76.0,64.0,75.0,78.0,67.0,73.0,68.0,72.0,69.0,79.0,69.0,71.0,69.0,76.0,55.0,66.0,70.0,74.0,74.0,,65.0,75.0,75.0,11.0,15.0,15.0,13.0,12.0,LM,75.0,,,Serie A
229857, S. Sensi,24,https://cdn.sofifa.com/players/229/857/20_60.png,Italy,https://cdn.sofifa.com/flags/it.png,78,83,Inter,https://cdn.sofifa.com/teams/44/light_30.png,€13.5M,€73K,2039,Right,1.0,4.0,3.0,Medium/ Medium,Normal (170-),Yes,"<span class=""pos pos28"">SUB",12.0,"Aug 26, 2020",,2024,5'6,137lbs,75.0,48.0,45.0,83.0,49.0,79.0,75.0,75.0,83.0,84.0,71.0,64.0,75.0,73.0,90.0,69.0,68.0,77.0,60.0,73.0,71.0,74.0,67.0,81.0,73.0,78.0,,73.0,73.0,10.0,6.0,8.0,11.0,13.0,CM,80.0,€23.3M,63.0,Serie A
185020, José Callejón,33,https://cdn.sofifa.com/players/185/020/20_60.png,Spain,https://cdn.sofifa.com/flags/es.png,84,84,Napoli,https://cdn.sofifa.com/teams/48/light_30.png,€19M,€96K,2034,Right,3.0,3.0,3.0,High/ High,Lean (170-185),Yes,"<span class=""pos pos23"">RW",7.0,"Jul 11, 2013",,2020,5'10,161lbs,82.0,78.0,65.0,80.0,84.0,82.0,73.0,65.0,51.0,85.0,86.0,89.0,84.0,82.0,80.0,78.0,70.0,88.0,53.0,80.0,54.0,40.0,88.0,78.0,62.0,79.0,,32.0,32.0,8.0,5.0,14.0,11.0,11.0,RM,84.0,€32.3M,64.0,Serie A
167514, 20 D. Basta,34,https://cdn.sofifa.com/players/167/514/20_60.png,Serbia,https://cdn.sofifa.com/flags/rs.png,76,76,Lazio,https://cdn.sofifa.com/teams/46/light_30.png,€2.7M,€40K,2027,Right,2.0,3.0,3.0,High/ High,Normal (170-185),No,"<span class=""pos pos29"">RES",8.0,"Jul 1, 2014",,2024,6'0,159lbs,73.0,58.0,72.0,76.0,64.0,74.0,72.0,66.0,74.0,77.0,70.0,69.0,68.0,75.0,67.0,77.0,69.0,74.0,67.0,75.0,72.0,82.0,66.0,56.0,55.0,75.0,,75.0,73.0,12.0,6.0,11.0,14.0,14.0,RB,75.0,€4.6M,74.0,Serie A
229758, R. Krunić,26,https://cdn.sofifa.com/players/229/758/20_60.png,Bosnia Herzegovina,https://cdn.sofifa.com/flags/ba.png,73,74,Milan,https://cdn.sofifa.com/teams/47/light_30.png,€4.6M,€28K,2025,Right,1.0,3.0,3.0,High/ Medium,Normal (170-185),No,"<span class=""pos pos28"">SUB",33.0,"Jul 8, 2019",,2024,6'0,163lbs,70.0,72.0,70.0,76.0,68.0,76.0,70.0,70.0,74.0,78.0,68.0,65.0,73.0,70.0,68.0,76.0,75.0,70.0,69.0,76.0,64.0,60.0,69.0,71.0,70.0,68.0,,67.0,67.0,14.0,9.0,12.0,10.0,14.0,CAM,74.0,€8.2M,64.0,Serie A
207537, J. Lukaku,25,https://cdn.sofifa.com/players/207/537/20_60.png,Belgium,https://cdn.sofifa.com/flags/be.png,76,77,Lazio,https://cdn.sofifa.com/teams/46/light_30.png,€9M,€47K,2024,Left,2.0,3.0,3.0,High/ Medium,Stocky (170-185),No,"<span class=""pos pos28"">SUB",5.0,"Jul 22, 2016",,2022,5'10,190lbs,79.0,54.0,62.0,74.0,57.0,80.0,53.0,46.0,66.0,80.0,90.0,92.0,77.0,78.0,79.0,76.0,72.0,67.0,78.0,66.0,74.0,77.0,61.0,68.0,53.0,76.0,,74.0,72.0,8.0,7.0,14.0,15.0,9.0,LM,77.0,€16M,66.0,Serie A
175943, D. Mertens,33,https://cdn.sofifa.com/players/175/943/20_60.png,Belgium,https://cdn.sofifa.com/flags/be.png,85,85,Napoli,https://cdn.sofifa.com/teams/48/light_30.png,€24M,€115K,2023,Right,3.0,4.0,4.0,High/ Low,PLAYER_BODY_TYPE_335,Yes,"<span class=""pos pos18"">CAM",14.0,"Jul 1, 2013",,2022,5'7,134lbs,79.0,84.0,40.0,82.0,70.0,88.0,82.0,79.0,74.0,89.0,90.0,82.0,94.0,86.0,92.0,80.0,58.0,70.0,37.0,81.0,59.0,36.0,85.0,83.0,79.0,81.0,,40.0,40.0,7.0,10.0,8.0,10.0,4.0,CF,85.0,€40.8M,25.0,Serie A
198949, K. Malcuit,28,https://cdn.sofifa.com/players/198/949/20_60.png,France,https://cdn.sofifa.com/flags/fr.png,78,78,Napoli,https://cdn.sofifa.com/teams/48/light_30.png,€9M,€57K,2020,Right,2.0,3.0,3.0,High/ Medium,Normal (170-185),No,"<span class=""pos pos29"">RES",2.0,"Aug 8, 2018",,2022,5'10,170lbs,79.0,66.0,65.0,77.0,56.0,80.0,62.0,47.0,72.0,76.0,80.0,82.0,76.0,74.0,74.0,66.0,69.0,70.0,69.0,56.0,77.0,73.0,66.0,68.0,55.0,69.0,,77.0,77.0,12.0,13.0,12.0,9.0,11.0,RB,78.0,€15.3M,74.0,Serie A
192505, R. Lukaku,27,https://cdn.sofifa.com/players/192/505/20_60.png,Belgium,https://cdn.sofifa.com/flags/be.png,85,86,Inter,https://cdn.sofifa.com/teams/44/light_30.png,€45M,€165K,2019,Left,3.0,4.0,3.0,Medium/ Medium,PLAYER_BODY_TYPE_301,Yes,"<span class=""pos pos24"">RS",9.0,"Aug 8, 2019",,2024,6'3,207lbs,73.0,86.0,85.0,79.0,77.0,78.0,78.0,66.0,71.0,78.0,77.0,84.0,60.0,86.0,46.0,87.0,71.0,73.0,95.0,74.0,71.0,27.0,86.0,78.0,78.0,83.0,,41.0,30.0,8.0,15.0,14.0,7.0,10.0,ST,85.0,€77.6M,30.0,Serie A
220018, A. Rebić,26,https://cdn.sofifa.com/players/220/018/20_60.png,Croatia,https://cdn.sofifa.com/flags/hr.png,79,80,Milan,https://cdn.sofifa.com/teams/47/light_30.png,€15M,€48K,2012,Right,1.0,4.0,4.0,High/ Medium,Normal (185+),Yes,"<span class=""pos pos16"">LM",12.0,"Sep 12, 2020",,2025,6'1,172lbs,74.0,80.0,70.0,72.0,82.0,80.0,76.0,66.0,57.0,81.0,84.0,91.0,74.0,76.0,68.0,85.0,65.0,78.0,81.0,79.0,84.0,29.0,77.0,70.0,63.0,75.0,,50.0,25.0,13.0,15.0,12.0,13.0,14.0,ST,80.0,€26.6M,28.0,Serie A
219391, G. Escalante,27,https://cdn.sofifa.com/players/219/391/20_60.png,Argentina,https://cdn.sofifa.com/flags/ar.png,77,80,Lazio,https://cdn.sofifa.com/teams/46/light_30.png,€9.5M,€48K,2003,Right,1.0,3.0,3.0,Medium/ High,Normal (170-185),No,"<span class=""pos pos28"">SUB",18.0,"Sep 1, 2020",,2024,6'0,168lbs,68.0,66.0,63.0,76.0,59.0,67.0,63.0,52.0,75.0,74.0,66.0,66.0,63.0,72.0,68.0,79.0,74.0,78.0,71.0,63.0,85.0,78.0,64.0,70.0,64.0,80.0,,76.0,77.0,10.0,12.0,7.0,12.0,11.0,CDM,78.0,€16.9M,74.0,Serie A
159287, 19 R. Montolivo,33,https://cdn.sofifa.com/players/159/287/19_60.png,Italy,https://cdn.sofifa.com/flags/it.png,78,78,Milan,https://cdn.sofifa.com/teams/47/light_30.png,€4.2M,€70K,2003,Right,3.0,4.0,4.0,Medium/ High,Lean (170-185),Yes,"<span class=""pos pos28"">SUB",18.0,"Jul 1, 2012",,2023,5'11,168lbs,76.0,46.0,60.0,84.0,74.0,80.0,78.0,76.0,86.0,85.0,45.0,55.0,65.0,80.0,73.0,84.0,61.0,55.0,69.0,84.0,64.0,76.0,50.0,84.0,76.0,82.0,78.0,72.0,68.0,3.0,5.0,3.0,3.0,5.0,CM,78.0,€7.1M,,Serie A
205343, J. Akpa Akpro,27,https://cdn.sofifa.com/players/205/343/20_60.png,Ivory Coast,https://cdn.sofifa.com/flags/ci.png,71,72,Lazio,https://cdn.sofifa.com/teams/46/light_30.png,€2.7M,€31K,2001,Right,1.0,3.0,3.0,High/ High,Lean (170-185),No,"<span class=""pos pos28"">SUB",92.0,"Aug 31, 2020",,2022,5'11,157lbs,72.0,65.0,65.0,74.0,68.0,71.0,66.0,56.0,67.0,70.0,77.0,82.0,78.0,70.0,72.0,72.0,72.0,84.0,61.0,69.0,80.0,70.0,69.0,67.0,56.0,70.0,,70.0,69.0,7.0,10.0,9.0,9.0,8.0,RWB,74.0,€4.8M,66.0,Serie A
211361, D. Cataldi,25,https://cdn.sofifa.com/players/211/361/20_60.png,Italy,https://cdn.sofifa.com/flags/it.png,73,76,Lazio,https://cdn.sofifa.com/teams/46/light_30.png,€4.9M,€38K,2001,Right,2.0,3.0,3.0,Medium/ Medium,Lean (170-185),No,"<span class=""pos pos28"">SUB",32.0,"Jul 1, 2011",,2024,5'11,154lbs,70.0,66.0,60.0,79.0,65.0,72.0,79.0,80.0,76.0,77.0,69.0,64.0,71.0,70.0,75.0,80.0,56.0,63.0,61.0,78.0,74.0,71.0,67.0,73.0,52.0,68.0,,69.0,68.0,7.0,10.0,11.0,12.0,9.0,CAM,75.0,€8.7M,67.0,Serie A
198219, L. Insigne,29,https://cdn.sofifa.com/players/198/219/20_60.png,Italy,https://cdn.sofifa.com/flags/it.png,85,85,Napoli,https://cdn.sofifa.com/teams/48/light_30.png,€37.5M,€120K,2001,Right,3.0,4.0,4.0,High/ Medium,PLAYER_BODY_TYPE_338,Yes,"<span class=""pos pos27"">LW",24.0,"Jul 1, 2010",,2022,5'4,130lbs,83.0,75.0,59.0,83.0,74.0,90.0,87.0,77.0,78.0,93.0,92.0,84.0,93.0,80.0,93.0,78.0,50.0,70.0,34.0,84.0,34.0,26.0,81.0,85.0,74.0,83.0,,24.0,22.0,8.0,4.0,14.0,9.0,10.0,LW,85.0,€63.8M,53.0,Serie A
198946, D. D'Ambrosio,31,https://cdn.sofifa.com/players/198/946/20_60.png,Italy,https://cdn.sofifa.com/flags/it.png,77,77,Inter,https://cdn.sofifa.com/teams/44/light_30.png,€6.5M,€72K,1996,Right,2.0,4.0,3.0,Medium/ Medium,Normal (170-185),Yes,"<span class=""pos pos28"">SUB",33.0,"Jan 30, 2014",,2021,5'11,165lbs,73.0,48.0,73.0,71.0,57.0,71.0,63.0,62.0,67.0,69.0,74.0,67.0,72.0,79.0,69.0,66.0,78.0,74.0,65.0,58.0,77.0,78.0,69.0,58.0,60.0,73.0,,79.0,78.0,9.0,10.0,15.0,13.0,15.0,RB,77.0,€10.7M,79.0,Serie A
41236, Z. Ibrahimović,38,https://cdn.sofifa.com/players/041/236/20_60.png,Sweden,https://cdn.sofifa.com/flags/se.png,83,83,Milan,https://cdn.sofifa.com/teams/47/light_30.png,€9.5M,€49K,1996,Right,5.0,4.0,5.0,Medium/ Low,PLAYER_BODY_TYPE_381,Yes,"<span class=""pos pos25"">ST",11.0,"Jan 2, 2020",,2021,6'5,209lbs,68.0,86.0,80.0,78.0,88.0,80.0,80.0,78.0,73.0,86.0,53.0,52.0,71.0,82.0,39.0,90.0,67.0,54.0,87.0,88.0,84.0,20.0,91.0,84.0,89.0,90.0,,37.0,24.0,13.0,15.0,10.0,9.0,12.0,ST,83.0,€16.2M,28.0,Serie A
216409, M. Politano,26,https://cdn.sofifa.com/players/216/409/20_60.png,Italy,https://cdn.sofifa.com/flags/it.png,81,81,Napoli,https://cdn.sofifa.com/teams/48/light_30.png,€19M,€74K,1994,Left,2.0,4.0,4.0,High/ Medium,Normal (170-185),No,"<span class=""pos pos28"">SUB",21.0,,"<a href=""/team/44/inter/"">Inter</a>","Jun 30, 2021",5'7,148lbs,80.0,76.0,40.0,79.0,75.0,83.0,79.0,77.0,76.0,84.0,84.0,82.0,89.0,81.0,87.0,78.0,51.0,77.0,41.0,82.0,63.0,38.0,76.0,77.0,70.0,79.0,,29.0,29.0,11.0,12.0,6.0,8.0,11.0,RM,81.0,,63.0,Serie A
221992, H. Lozano,24,https://cdn.sofifa.com/players/221/992/20_60.png,Mexico,https://cdn.sofifa.com/flags/mx.png,80,83,Napoli,https://cdn.sofifa.com/teams/48/light_30.png,€19M,€66K,1993,Right,3.0,3.0,4.0,High/ Low,Lean (170-185),Yes,"<span class=""pos pos23"">RW",11.0,"Aug 23, 2019",,2024,5'9,154lbs,73.0,75.0,58.0,73.0,74.0,81.0,72.0,65.0,65.0,80.0,93.0,93.0,90.0,79.0,76.0,76.0,67.0,76.0,57.0,73.0,64.0,45.0,78.0,72.0,73.0,74.0,,35.0,29.0,11.0,10.0,14.0,14.0,10.0,CAM,81.0,€33.7M,42.0,Serie A
235243, M. de Ligt,20,https://cdn.sofifa.com/players/235/243/20_60.png,Netherlands,https://cdn.sofifa.com/flags/nl.png,85,92,Juventus,https://cdn.sofifa.com/teams/45/light_30.png,€49.5M,€80K,1988,Right,3.0,4.0,2.0,Medium/ High,Normal (185+),Yes,"<span class=""pos pos28"">SUB",4.0,"Jul 18, 2019",,2024,6'2,196lbs,52.0,50.0,86.0,75.0,45.0,66.0,48.0,55.0,74.0,76.0,68.0,75.0,56.0,84.0,60.0,82.0,84.0,76.0,88.0,66.0,83.0,83.0,44.0,63.0,40.0,82.0,,85.0,82.0,12.0,11.0,11.0,12.0,10.0,CB,87.0,€91.6M,86.0,Serie A
211385, R. Durmisi,26,https://cdn.sofifa.com/players/211/385/20_60.png,Denmark,https://cdn.sofifa.com/flags/dk.png,74,77,Lazio,https://cdn.sofifa.com/teams/46/light_30.png,€6M,€39K,1988,Left,1.0,3.0,3.0,High/ Medium,Stocky (170-),Yes,"<span class=""pos pos29"">RES",39.0,"Jul 1, 2018",,2023,5'6,148lbs,74.0,53.0,70.0,74.0,54.0,73.0,72.0,71.0,63.0,73.0,75.0,80.0,72.0,69.0,80.0,79.0,78.0,78.0,55.0,67.0,82.0,69.0,60.0,72.0,40.0,64.0,,72.0,70.0,10.0,6.0,6.0,11.0,11.0,LWB,75.0,€10.7M,69.0,Serie A
213400, D. Laxalt,27,https://cdn.sofifa.com/players/213/400/20_60.png,Uruguay,https://cdn.sofifa.com/flags/uy.png,77,77,Milan,https://cdn.sofifa.com/teams/47/light_30.png,€9.5M,€38K,1983,Left,2.0,3.0,4.0,High/ High,Lean (170-185),No,"<span class=""pos pos28"">SUB",93.0,"Aug 17, 2018",,2022,5'10,157lbs,78.0,60.0,43.0,78.0,49.0,77.0,61.0,60.0,72.0,77.0,84.0,89.0,84.0,72.0,76.0,74.0,63.0,91.0,55.0,66.0,72.0,66.0,68.0,68.0,49.0,76.0,,70.0,68.0,10.0,12.0,10.0,9.0,8.0,LM,77.0,€16.2M,64.0,Serie A
6908, 13 D. Stanković,33,https://cdn.sofifa.com/players/006/908/13_60.png,Serbia,https://cdn.sofifa.com/flags/rs.png,78,78,Inter,https://cdn.sofifa.com/teams/44/light_30.png,€2.7M,€30K,1979,Right,3.0,4.0,3.0,Medium/ Medium,Normal (170-185),Yes,"<span class=""pos pos28"">SUB",5.0,"Jul 1, 2004",,2013,5'11,165lbs,76.0,60.0,50.0,88.0,80.0,75.0,78.0,72.0,86.0,85.0,53.0,51.0,49.0,82.0,65.0,88.0,55.0,33.0,75.0,88.0,73.0,72.0,64.0,82.0,72.0,,50.0,70.0,60.0,7.0,7.0,15.0,9.0,9.0,CAM,78.0,,,Serie A
212823, 20 Gabriel Barbosa,22,https://cdn.sofifa.com/players/212/823/20_60.png,Brazil,https://cdn.sofifa.com/flags/br.png,81,85,Inter,https://cdn.sofifa.com/teams/44/light_30.png,€23.5M,€70K,1976,Left,2.0,3.0,4.0,Medium/ Medium,Normal (170-185),No,"<span class=""pos pos29"">RES",35.0,"Aug 30, 2016",,2024,5'10,150lbs,72.0,83.0,74.0,75.0,80.0,82.0,75.0,62.0,58.0,84.0,79.0,77.0,87.0,84.0,82.0,81.0,76.0,83.0,59.0,68.0,67.0,27.0,85.0,71.0,85.0,76.0,,27.0,19.0,10.0,7.0,9.0,9.0,9.0,CF,80.0,€41.7M,30.0,Serie A
168312, 19 I. Abate,31,https://cdn.sofifa.com/players/168/312/19_60.png,Italy,https://cdn.sofifa.com/flags/it.png,77,77,Milan,https://cdn.sofifa.com/teams/47/light_30.png,€6M,€70K,1973,Right,2.0,2.0,3.0,High/ Medium,Lean (170-185),Yes,"<span class=""pos pos28"">SUB",20.0,"Jul 1, 2009",,2023,5'11,161lbs,75.0,38.0,68.0,76.0,60.0,75.0,69.0,44.0,72.0,75.0,77.0,85.0,75.0,76.0,75.0,68.0,75.0,76.0,69.0,60.0,76.0,75.0,74.0,68.0,48.0,78.0,76.0,76.0,75.0,3.0,3.0,5.0,3.0,3.0,RWB,76.0,€10.2M,,Serie A
215330, J. Correa,25,https://cdn.sofifa.com/players/215/330/20_60.png,Argentina,https://cdn.sofifa.com/flags/ar.png,81,84,Lazio,https://cdn.sofifa.com/teams/46/light_30.png,€22.5M,€73K,1972,Right,1.0,4.0,4.0,High/ Medium,Lean (185+),Yes,"<span class=""pos pos26"">LS",11.0,"Aug 1, 2018",,2024,6'2,170lbs,74.0,77.0,68.0,81.0,75.0,88.0,81.0,63.0,74.0,86.0,81.0,86.0,84.0,80.0,67.0,79.0,63.0,76.0,74.0,71.0,48.0,36.0,79.0,78.0,57.0,73.0,,37.0,26.0,11.0,10.0,7.0,8.0,8.0,CAM,83.0,€39.9M,39.0,Serie A
216435, S. Lobotka,25,https://cdn.sofifa.com/players/216/435/20_60.png,Slovakia,https://cdn.sofifa.com/flags/sk.png,78,83,Napoli,https://cdn.sofifa.com/teams/48/light_30.png,€13.5M,€57K,1971,Right,1.0,4.0,4.0,Medium/ High,Normal (170-),Yes,"<span class=""pos pos28"">SUB",68.0,"Jan 15, 2020",,2024,5'7,141lbs,68.0,64.0,45.0,84.0,43.0,77.0,68.0,55.0,77.0,82.0,64.0,60.0,76.0,74.0,81.0,62.0,79.0,85.0,56.0,68.0,57.0,74.0,67.0,76.0,56.0,74.0,,76.0,68.0,10.0,7.0,16.0,13.0,14.0,CM,80.0,€24M,69.0,Serie A
175254, F. Caicedo,31,https://cdn.sofifa.com/players/175/254/20_60.png,Ecuador,https://cdn.sofifa.com/flags/ec.png,78,78,Lazio,https://cdn.sofifa.com/teams/46/light_30.png,€9.5M,€60K,1968,Left,2.0,3.0,3.0,High/ Medium,Stocky (170-185),No,"<span class=""pos pos28"">SUB",20.0,"Aug 2, 2017",,2022,6'0,181lbs,59.0,76.0,75.0,79.0,75.0,77.0,66.0,68.0,66.0,79.0,72.0,74.0,59.0,78.0,67.0,84.0,75.0,59.0,91.0,68.0,80.0,43.0,82.0,75.0,73.0,70.0,,44.0,47.0,7.0,13.0,7.0,8.0,10.0,CF,78.0,€16.2M,32.0,Serie A
184344, L. Bonucci,33,https://cdn.sofifa.com/players/184/344/20_60.png,Italy,https://cdn.sofifa.com/flags/it.png,85,85,Juventus,https://cdn.sofifa.com/teams/45/light_30.png,€18M,€110K,1967,Right,3.0,4.0,2.0,Medium/ High,Lean (185+),Yes,"<span class=""pos pos5"">CB",19.0,"Aug 2, 2018",,2024,6'3,187lbs,44.0,48.0,84.0,77.0,58.0,69.0,56.0,61.0,84.0,75.0,58.0,62.0,60.0,84.0,55.0,74.0,85.0,66.0,79.0,65.0,82.0,90.0,38.0,74.0,70.0,86.0,,86.0,80.0,2.0,2.0,3.0,2.0,4.0,CB,85.0,€29.7M,90.0,Serie A
247394, D. Kulusevski,20,https://cdn.sofifa.com/players/247/394/20_60.png,Sweden,https://cdn.sofifa.com/flags/se.png,77,87,Juventus,https://cdn.sofifa.com/teams/45/light_30.png,€14.5M,€54K,1958,Left,1.0,4.0,3.0,High/ Medium,Lean (185+),No,"<span class=""pos pos12"">RM",44.0,"Jul 18, 2019",,2024,6'1,165lbs,74.0,70.0,54.0,79.0,44.0,80.0,74.0,47.0,73.0,82.0,82.0,81.0,64.0,80.0,64.0,68.0,57.0,90.0,73.0,76.0,67.0,55.0,73.0,78.0,57.0,78.0,,64.0,58.0,14.0,5.0,10.0,10.0,5.0,LM,81.0,€26.8M,50.0,Serie A
156272, 15 Ederson,28,https://cdn.sofifa.com/players/156/272/15_60.png,Brazil,https://cdn.sofifa.com/flags/br.png,74,74,Lazio,https://cdn.sofifa.com/teams/46/light_30.png,€3.8M,€60K,1956,Right,2.0,4.0,4.0,High/ Medium,Normal (170-185),No,"<span class=""pos pos28"">SUB",10.0,"Jul 1, 2012",,2017,5'11,163lbs,75.0,55.0,63.0,77.0,71.0,82.0,77.0,77.0,71.0,82.0,69.0,69.0,76.0,68.0,75.0,78.0,66.0,60.0,69.0,77.0,72.0,49.0,70.0,72.0,74.0,,33.0,54.0,47.0,4.0,8.0,10.0,13.0,13.0,RW,75.0,,,Serie A
205175, A. Milik,26,https://cdn.sofifa.com/players/205/175/20_60.png,Poland,https://cdn.sofifa.com/flags/pl.png,81,84,Napoli,https://cdn.sofifa.com/teams/48/light_30.png,€22.5M,€80K,1955,Left,3.0,3.0,4.0,Medium/ Medium,Lean (185+),Yes,"<span class=""pos pos29"">RES",99.0,"Aug 2, 2016",,2021,6'1,172lbs,58.0,88.0,80.0,66.0,78.0,76.0,74.0,84.0,62.0,81.0,65.0,70.0,66.0,77.0,63.0,86.0,63.0,67.0,79.0,82.0,67.0,36.0,85.0,60.0,79.0,78.0,,34.0,32.0,9.0,16.0,16.0,15.0,6.0,ST,83.0,€39.9M,35.0,Serie A
202325, D. Demme,28,https://cdn.sofifa.com/players/202/325/20_60.png,Germany,https://cdn.sofifa.com/flags/de.png,78,79,Napoli,https://cdn.sofifa.com/teams/48/light_30.png,€10.5M,€57K,1953,Right,1.0,4.0,3.0,Medium/ High,Normal (170-185),Yes,"<span class=""pos pos28"">SUB",4.0,"Jan 11, 2020",,2024,5'8,157lbs,70.0,26.0,57.0,80.0,48.0,71.0,65.0,62.0,76.0,75.0,67.0,49.0,85.0,75.0,84.0,62.0,79.0,93.0,66.0,30.0,82.0,78.0,62.0,70.0,58.0,72.0,,75.0,72.0,14.0,10.0,14.0,12.0,9.0,CDM,78.0,€18.6M,77.0,Serie A
223329, A. Conti,26,https://cdn.sofifa.com/players/223/329/20_60.png,Italy,https://cdn.sofifa.com/flags/it.png,77,80,Milan,https://cdn.sofifa.com/teams/47/light_30.png,€9.5M,€34K,1953,Right,2.0,2.0,3.0,High/ Medium,Lean (170-185),No,"<span class=""pos pos28"">SUB",14.0,"Jul 7, 2017",,2022,6'0,168lbs,76.0,58.0,64.0,76.0,59.0,74.0,67.0,42.0,69.0,76.0,72.0,77.0,79.0,76.0,68.0,68.0,52.0,87.0,56.0,49.0,73.0,73.0,73.0,63.0,48.0,72.0,,74.0,74.0,9.0,13.0,13.0,9.0,10.0,RWB,78.0,€16.9M,76.0,Serie A
212153, R. Gagliardini,26,https://cdn.sofifa.com/players/212/153/20_60.png,Italy,https://cdn.sofifa.com/flags/it.png,78,81,Inter,https://cdn.sofifa.com/teams/44/light_30.png,€11.5M,€77K,1950,Right,2.0,3.0,3.0,Medium/ High,Lean (185+),No,"<span class=""pos pos28"">SUB",5.0,"Aug 1, 2017",,2023,6'2,170lbs,64.0,54.0,73.0,78.0,68.0,75.0,68.0,38.0,75.0,77.0,60.0,55.0,62.0,72.0,62.0,76.0,62.0,83.0,67.0,73.0,74.0,78.0,68.0,73.0,40.0,74.0,,79.0,77.0,12.0,6.0,8.0,7.0,9.0,CDM,79.0,€19.8M,77.0,Serie A
232293, V. Osimhen,21,https://cdn.sofifa.com/players/232/293/20_60.png,Nigeria,https://cdn.sofifa.com/flags/ng.png,79,87,Napoli,https://cdn.sofifa.com/teams/48/light_30.png,€19M,€54K,1944,Right,1.0,4.0,3.0,High/ High,Lean (185+),No,"<span class=""pos pos25"">ST",9.0,"Sep 1, 2020",,2025,6'1,172lbs,64.0,83.0,78.0,67.0,75.0,70.0,63.0,48.0,53.0,75.0,81.0,92.0,77.0,78.0,68.0,78.0,82.0,86.0,77.0,72.0,76.0,34.0,81.0,65.0,75.0,72.0,,38.0,19.0,14.0,14.0,10.0,9.0,6.0,ST,80.0,€36.1M,36.0,Serie A
235374, M. Lazzari,26,https://cdn.sofifa.com/players/235/374/20_60.png,Italy,https://cdn.sofifa.com/flags/it.png,81,82,Lazio,https://cdn.sofifa.com/teams/46/light_30.png,€21M,€70K,1940,Right,1.0,3.0,3.0,High/ High,Lean (170-185),No,"<span class=""pos pos12"">RM",29.0,"Jul 12, 2019",,2024,5'9,148lbs,83.0,67.0,44.0,77.0,59.0,82.0,68.0,58.0,75.0,81.0,91.0,87.0,85.0,77.0,89.0,53.0,39.0,86.0,56.0,57.0,56.0,55.0,74.0,77.0,55.0,76.0,,53.0,48.0,14.0,6.0,11.0,5.0,11.0,RM,81.0,€37.3M,61.0,Serie A
229148, Dalbert,26,https://cdn.sofifa.com/players/229/148/20_60.png,Brazil,https://cdn.sofifa.com/flags/br.png,73,73,Inter,https://cdn.sofifa.com/teams/44/light_30.png,€4.3M,€60K,1934,Left,1.0,3.0,3.0,Medium/ Medium,Lean (170-185),No,"<span class=""pos pos29"">RES",29.0,"Aug 9, 2017",,2023,5'11,154lbs,76.0,50.0,60.0,72.0,52.0,76.0,68.0,47.0,68.0,74.0,90.0,89.0,80.0,62.0,67.0,72.0,57.0,78.0,63.0,60.0,78.0,68.0,68.0,60.0,42.0,70.0,,74.0,72.0,7.0,11.0,7.0,9.0,9.0,LWB,74.0,€7.1M,68.0,Serie A
210617, Samu Castillejo,25,https://cdn.sofifa.com/players/210/617/20_60.png,Spain,https://cdn.sofifa.com/flags/es.png,79,80,Milan,https://cdn.sofifa.com/teams/47/light_30.png,€15M,€42K,1933,Left,2.0,2.0,4.0,Medium/ High,Lean (170-185),Yes,"<span class=""pos pos12"">RM",7.0,"Aug 17, 2018",,2023,6'0,148lbs,79.0,75.0,43.0,79.0,58.0,82.0,78.0,75.0,74.0,82.0,84.0,79.0,82.0,76.0,78.0,78.0,61.0,59.0,49.0,71.0,48.0,50.0,77.0,78.0,59.0,72.0,,43.0,25.0,13.0,16.0,15.0,8.0,14.0,CAM,80.0,€26.6M,45.0,Serie A
165109, �. Radu,33,https://cdn.sofifa.com/players/165/109/20_60.png,Romania,https://cdn.sofifa.com/flags/ro.png,78,78,Lazio,https://cdn.sofifa.com/teams/46/light_30.png,€4.9M,€51K,1930,Left,2.0,3.0,3.0,Medium/ High,Normal (170-185),No,"<span class=""pos pos6"">LCB",26.0,"Jan 1, 2008",,2021,6'0,174lbs,67.0,55.0,70.0,71.0,51.0,66.0,45.0,48.0,67.0,69.0,65.0,58.0,67.0,78.0,67.0,79.0,62.0,62.0,71.0,74.0,75.0,85.0,55.0,60.0,57.0,76.0,,86.0,84.0,9.0,12.0,12.0,6.0,13.0,CB,78.0,€8.3M,84.0,Serie A
201153, Morata,27,https://cdn.sofifa.com/players/201/153/20_60.png,Spain,https://cdn.sofifa.com/flags/es.png,82,83,Juventus,https://cdn.sofifa.com/teams/45/light_30.png,€26M,€100K,1926,Right,3.0,4.0,3.0,High/ High,Normal (185+),Yes,"<span class=""pos pos28"">SUB",9.0,"Jul 1, 2020",,2023,6'3,185lbs,73.0,83.0,86.0,78.0,80.0,83.0,76.0,44.0,51.0,83.0,75.0,84.0,72.0,80.0,63.0,80.0,84.0,77.0,80.0,72.0,69.0,24.0,85.0,76.0,75.0,79.0,,14.0,20.0,4.0,5.0,4.0,4.0,5.0,ST,83.0,€44.9M,37.0,Serie A
201139, 20 I. Strinić,31,https://cdn.sofifa.com/players/201/139/20_60.png,Croatia,https://cdn.sofifa.com/flags/hr.png,73,73,Milan,https://cdn.sofifa.com/teams/47/light_30.png,€2.9M,€30K,1916,Left,2.0,4.0,3.0,Medium/ Medium,Lean (185+),No,"<span class=""pos pos29"">RES",23.0,"Jul 2, 2018",,2021,6'1,172lbs,76.0,48.0,60.0,70.0,50.0,70.0,62.0,55.0,66.0,74.0,65.0,62.0,66.0,70.0,71.0,68.0,68.0,69.0,72.0,60.0,72.0,76.0,66.0,58.0,61.0,68.0,,76.0,74.0,10.0,8.0,14.0,13.0,10.0,LB,72.0,€4.9M,76.0,Serie A
206058, M. De Sciglio,27,https://cdn.sofifa.com/players/206/058/20_60.png,Italy,https://cdn.sofifa.com/flags/it.png,78,78,Juventus,https://cdn.sofifa.com/teams/45/light_30.png,€9M,€64K,1915,Right,2.0,4.0,3.0,Medium/ Medium,Lean (170-185),Yes,"<span class=""pos pos28"">SUB",2.0,"Jul 20, 2017",,2022,6'0,172lbs,78.0,33.0,68.0,74.0,41.0,74.0,75.0,39.0,68.0,75.0,72.0,75.0,78.0,72.0,77.0,67.0,77.0,77.0,65.0,51.0,74.0,76.0,64.0,60.0,49.0,72.0,,78.0,78.0,5.0,3.0,5.0,5.0,3.0,RB,78.0,€14.9M,79.0,Serie A
231242, A. Ounas,23,https://cdn.sofifa.com/players/231/242/20_60.png,Algeria,https://cdn.sofifa.com/flags/dz.png,74,78,Napoli,https://cdn.sofifa.com/teams/48/light_30.png,€7.5M,€44K,1907,Left,1.0,4.0,4.0,Medium/ Low,Lean (170-185),No,"<span class=""pos pos29"">RES",39.0,"Jul 4, 2017",,2022,5'8,143lbs,68.0,64.0,51.0,75.0,66.0,80.0,72.0,62.0,65.0,78.0,87.0,82.0,89.0,62.0,80.0,70.0,61.0,72.0,55.0,69.0,79.0,47.0,69.0,74.0,60.0,65.0,,54.0,47.0,8.0,6.0,8.0,7.0,12.0,CAM,76.0,€13.3M,28.0,Serie A
242664, A. Saelemaekers,21,https://cdn.sofifa.com/players/242/664/20_60.png,Belgium,https://cdn.sofifa.com/flags/be.png,72,81,Milan,https://cdn.sofifa.com/teams/47/light_30.png,€4.8M,€21K,1905,Right,1.0,4.0,3.0,Medium/ High,Lean (170-185),No,"<span class=""pos pos28"">SUB",56.0,"Jul 1, 2020",,2024,5'11,146lbs,78.0,59.0,45.0,73.0,65.0,76.0,71.0,68.0,70.0,74.0,79.0,77.0,83.0,67.0,73.0,59.0,77.0,65.0,53.0,62.0,67.0,61.0,71.0,64.0,41.0,68.0,,62.0,58.0,9.0,6.0,9.0,12.0,12.0,RM,74.0,€9.1M,59.0,Serie A
241390, E. Elmas,20,https://cdn.sofifa.com/players/241/390/20_60.png,North Macedonia,https://cdn.sofifa.com/flags/mk.png,72,84,Napoli,https://cdn.sofifa.com/teams/48/light_30.png,€5.5M,€28K,1894,Right,1.0,4.0,3.0,Medium/ Medium,Lean (170-185),No,"<span class=""pos pos28"">SUB",7.0,"Jul 24, 2019",,2025,6'0,163lbs,64.0,64.0,58.0,76.0,56.0,77.0,61.0,54.0,74.0,76.0,71.0,63.0,75.0,68.0,69.0,79.0,49.0,69.0,64.0,75.0,77.0,48.0,66.0,73.0,58.0,70.0,,66.0,60.0,8.0,5.0,14.0,6.0,15.0,CAM,75.0,€10.5M,56.0,Serie A
228881, D. Calabria,23,https://cdn.sofifa.com/players/228/881/20_60.png,Italy,https://cdn.sofifa.com/flags/it.png,76,81,Milan,https://cdn.sofifa.com/teams/47/light_30.png,€9M,€27K,1892,Right,1.0,3.0,3.0,Medium/ Medium,Normal (170-185),No,"<span class=""pos pos3"">RB",2.0,"Jul 1, 2015",,2022,5'9,154lbs,76.0,30.0,64.0,72.0,58.0,70.0,76.0,48.0,66.0,71.0,75.0,72.0,78.0,74.0,78.0,62.0,68.0,74.0,58.0,48.0,76.0,75.0,42.0,50.0,48.0,74.0,,76.0,75.0,8.0,14.0,15.0,12.0,7.0,RB,76.0,€16M,76.0,Serie A
220528, G. Tutino,23,https://cdn.sofifa.com/players/220/528/20_60.png,Italy,https://cdn.sofifa.com/flags/it.png,72,78,Napoli,https://cdn.sofifa.com/teams/48/light_30.png,€4.3M,€36K,1888,Right,1.0,3.0,3.0,High/ Low,Normal (170-185),No,"<span class=""pos pos29"">RES",77.0,"Jul 15, 2015",,2024,5'10,168lbs,70.0,70.0,65.0,72.0,72.0,76.0,72.0,71.0,68.0,75.0,77.0,77.0,76.0,74.0,73.0,75.0,73.0,68.0,66.0,71.0,52.0,25.0,72.0,72.0,75.0,59.0,,34.0,34.0,15.0,7.0,7.0,13.0,7.0,CAM,75.0,€8.2M,34.0,Serie A
210864, E. Hysaj,26,https://cdn.sofifa.com/players/210/864/20_60.png,Albania,https://cdn.sofifa.com/flags/al.png,78,81,Napoli,https://cdn.sofifa.com/teams/48/light_30.png,€11.5M,€54K,1885,Right,2.0,3.0,3.0,Medium/ Medium,Normal (170-185),No,"<span class=""pos pos7"">LB",23.0,"Aug 2, 2015",,2021,6'0,154lbs,74.0,47.0,66.0,75.0,40.0,72.0,40.0,30.0,68.0,74.0,74.0,77.0,74.0,75.0,69.0,68.0,68.0,80.0,66.0,43.0,79.0,78.0,63.0,59.0,40.0,74.0,,80.0,78.0,12.0,6.0,14.0,9.0,11.0,RB,78.0,€20.4M,76.0,Serie A
1041, 14 J. Zanetti,39,https://cdn.sofifa.com/players/001/041/14_60.png,Argentina,https://cdn.sofifa.com/flags/ar.png,75,75,Inter,https://cdn.sofifa.com/teams/44/light_30.png,€1K,€45K,1874,Right,3.0,4.0,2.0,Medium/ High,Normal (170-185),Yes,"<span class=""pos pos28"">SUB",4.0,"Jul 1, 1995",,2014,5'10,165lbs,75.0,40.0,46.0,84.0,60.0,80.0,60.0,50.0,76.0,85.0,55.0,69.0,55.0,80.0,90.0,71.0,49.0,55.0,77.0,30.0,59.0,81.0,64.0,69.0,69.0,,60.0,75.0,69.0,7.0,7.0,9.0,9.0,9.0,CDM,75.0,,,Serie A
199845, F. Acerbi,32,https://cdn.sofifa.com/players/199/845/20_60.png,Italy,https://cdn.sofifa.com/flags/it.png,83,83,Lazio,https://cdn.sofifa.com/teams/46/light_30.png,€16.5M,€75K,1872,Left,2.0,3.0,3.0,Medium/ High,Normal (185+),No,"<span class=""pos pos5"">CB",33.0,"Jul 11, 2018",,2023,6'4,194lbs,25.0,37.0,82.0,75.0,39.0,65.0,62.0,56.0,79.0,72.0,66.0,59.0,32.0,85.0,35.0,75.0,67.0,83.0,86.0,60.0,77.0,86.0,20.0,65.0,72.0,85.0,,87.0,85.0,11.0,9.0,9.0,13.0,11.0,CB,83.0,€28.1M,87.0,Serie A
177844, 11 M. Materazzi,36,https://cdn.sofifa.com/players/177/844/11_60.png,Italy,https://cdn.sofifa.com/flags/it.png,76,85,Inter,https://cdn.sofifa.com/teams/44/light_30.png,€0,€0,1865,Left,4.0,3.0,2.0,N/A/ N/A,Stocky (170-185),Yes,"<span class=""pos pos28"">SUB",23.0,"Jan 1, 2001",,2012,6'4,203lbs,44.0,39.0,80.0,60.0,62.0,30.0,40.0,75.0,70.0,50.0,57.0,64.0,57.0,66.0,86.0,78.0,82.0,58.0,88.0,68.0,85.0,80.0,24.0,66.0,80.0,,80.0,75.0,70.0,12.0,11.0,11.0,11.0,6.0,CB,76.0,,,Serie A
183414, D. Di Gennaro,32,https://cdn.sofifa.com/players/183/414/20_60.png,Italy,https://cdn.sofifa.com/flags/it.png,66,66,Lazio,https://cdn.sofifa.com/teams/46/light_30.png,€475K,€14K,1862,Left,1.0,4.0,3.0,High/ Medium,Lean (170-185),No,"<span class=""pos pos29"">RES",40.0,"Jul 21, 2017",,2022,5'11,159lbs,67.0,60.0,50.0,71.0,64.0,66.0,74.0,75.0,69.0,69.0,66.0,67.0,67.0,65.0,72.0,64.0,68.0,60.0,65.0,67.0,59.0,59.0,65.0,64.0,68.0,67.0,,60.0,47.0,8.0,14.0,13.0,10.0,9.0,CAM,67.0,€808K,60.0,Serie A
186547, M. Musacchio,29,https://cdn.sofifa.com/players/186/547/20_60.png,Argentina,https://cdn.sofifa.com/flags/ar.png,78,78,Milan,https://cdn.sofifa.com/teams/47/light_30.png,€8.5M,€38K,1861,Right,3.0,3.0,3.0,Medium/ Medium,Normal (170-185),No,"<span class=""pos pos29"">RES",22.0,"Jul 1, 2017",,2021,5'11,161lbs,55.0,40.0,76.0,69.0,36.0,65.0,53.0,45.0,67.0,67.0,65.0,62.0,70.0,76.0,68.0,57.0,83.0,61.0,71.0,53.0,76.0,83.0,50.0,64.0,57.0,76.0,,83.0,80.0,5.0,11.0,12.0,6.0,12.0,CB,78.0,€14.5M,83.0,Serie A
179645, S. Kjær,31,https://cdn.sofifa.com/players/179/645/20_60.png,Denmark,https://cdn.sofifa.com/flags/dk.png,80,80,Milan,https://cdn.sofifa.com/teams/47/light_30.png,€11M,€43K,1839,Right,3.0,3.0,2.0,Low/ High,Normal (185+),Yes,"<span class=""pos pos4"">RCB",24.0,"Jan 13, 2020",,2022,6'3,181lbs,50.0,55.0,81.0,78.0,37.0,46.0,52.0,69.0,69.0,70.0,61.0,61.0,48.0,75.0,53.0,78.0,73.0,65.0,77.0,41.0,82.0,82.0,31.0,49.0,61.0,69.0,,82.0,78.0,6.0,10.0,13.0,10.0,15.0,CB,80.0,€18.7M,81.0,Serie A
206098, Patric,27,https://cdn.sofifa.com/players/206/098/20_60.png,Spain,https://cdn.sofifa.com/flags/es.png,73,76,Lazio,https://cdn.sofifa.com/teams/46/light_30.png,€4.3M,€36K,1835,Right,1.0,3.0,2.0,High/ High,Lean (170-185),No,"<span class=""pos pos28"">SUB",4.0,"Jul 1, 2015",,2022,6'0,159lbs,69.0,49.0,69.0,74.0,25.0,68.0,46.0,48.0,58.0,74.0,69.0,67.0,67.0,73.0,64.0,63.0,66.0,64.0,68.0,57.0,71.0,74.0,55.0,62.0,51.0,67.0,,76.0,74.0,8.0,14.0,12.0,9.0,14.0,CB,75.0,€7.6M,77.0,Serie A
228821, Z. Machach,24,https://cdn.sofifa.com/players/228/821/20_60.png,France,https://cdn.sofifa.com/flags/fr.png,68,74,Napoli,https://cdn.sofifa.com/teams/48/light_30.png,€1.2M,€18K,1830,Right,1.0,3.0,3.0,Medium/ Medium,Normal (170-185),No,"<span class=""pos pos29"">RES",48.0,"Jan 12, 2018",,2022,6'0,170lbs,70.0,62.0,59.0,71.0,62.0,71.0,64.0,58.0,71.0,71.0,74.0,69.0,68.0,61.0,68.0,66.0,64.0,73.0,70.0,63.0,75.0,49.0,63.0,70.0,57.0,68.0,,52.0,57.0,13.0,8.0,11.0,11.0,9.0,RM,71.0,€2.3M,20.0,Serie A
138956, G. Chiellini,35,https://cdn.sofifa.com/players/138/956/20_60.png,Italy,https://cdn.sofifa.com/flags/it.png,87,87,Juventus,https://cdn.sofifa.com/teams/45/light_30.png,€15.5M,€94K,1830,Left,4.0,3.0,2.0,Medium/ High,Normal (185+),Yes,"<span class=""pos pos6"">LCB",3.0,"Jul 1, 2005",,2021,6'2,187lbs,54.0,33.0,83.0,65.0,45.0,59.0,60.0,31.0,65.0,61.0,60.0,70.0,57.0,82.0,57.0,78.0,87.0,54.0,87.0,49.0,90.0,88.0,28.0,50.0,50.0,84.0,,90.0,88.0,3.0,3.0,2.0,4.0,3.0,CB,87.0,€25.6M,94.0,Serie A
240658, S. Kiyine,22,https://cdn.sofifa.com/players/240/658/20_60.png,Morocco,https://cdn.sofifa.com/flags/ma.png,68,79,Lazio,https://cdn.sofifa.com/teams/46/light_30.png,€1.5M,€17K,1829,Right,1.0,3.0,4.0,Medium/ Medium,Lean (170-185),No,"<span class=""pos pos29"">RES",80.0,"Jul 1, 2019",,2024,6'0,165lbs,62.0,52.0,62.0,70.0,48.0,78.0,60.0,49.0,67.0,76.0,69.0,75.0,75.0,65.0,69.0,63.0,56.0,71.0,56.0,65.0,54.0,65.0,62.0,64.0,52.0,60.0,,67.0,66.0,8.0,8.0,12.0,15.0,8.0,CAM,71.0,€2.9M,60.0,Serie A
215689, A. Petagna,25,https://cdn.sofifa.com/players/215/689/20_60.png,Italy,https://cdn.sofifa.com/flags/it.png,76,81,Napoli,https://cdn.sofifa.com/teams/48/light_30.png,€10.5M,€54K,1826,Left,1.0,3.0,3.0,Medium/ Medium,Stocky (185+),No,"<span class=""pos pos28"">SUB",37.0,"Jan 30, 2020",,2025,6'3,187lbs,60.0,78.0,78.0,76.0,66.0,78.0,59.0,45.0,64.0,80.0,54.0,66.0,57.0,73.0,71.0,80.0,70.0,76.0,92.0,62.0,62.0,22.0,79.0,75.0,80.0,71.0,,27.0,20.0,3.0,3.0,3.0,5.0,3.0,ST,78.0,€18.6M,59.0,Serie A
198176, S. de Vrij,28,https://cdn.sofifa.com/players/198/176/20_60.png,Netherlands,https://cdn.sofifa.com/flags/nl.png,84,85,Inter,https://cdn.sofifa.com/teams/44/light_30.png,€30.5M,€130K,1823,Right,3.0,4.0,2.0,Medium/ High,PLAYER_BODY_TYPE_304,Yes,"<span class=""pos pos5"">CB",6.0,"Jul 1, 2018",,2023,6'2,172lbs,49.0,25.0,82.0,73.0,27.0,66.0,45.0,16.0,71.0,73.0,69.0,68.0,61.0,81.0,59.0,65.0,76.0,64.0,78.0,60.0,80.0,86.0,32.0,64.0,41.0,82.0,,87.0,85.0,8.0,10.0,7.0,14.0,13.0,CB,84.0,€52.6M,88.0,Serie A
173212, 17 P. De Ceglie,29,https://cdn.sofifa.com/players/173/212/17_60.png,Italy,https://cdn.sofifa.com/flags/it.png,69,69,Juventus,https://cdn.sofifa.com/teams/45/light_30.png,€750K,€40K,1819,Left,2.0,2.0,2.0,High/ Medium,Lean (170-185),Yes,"<span class=""pos pos29"">RES",40.0,"Jul 1, 2006",,2017,6'0,165lbs,76.0,34.0,72.0,65.0,61.0,72.0,78.0,60.0,65.0,65.0,54.0,65.0,69.0,66.0,59.0,63.0,69.0,55.0,65.0,67.0,50.0,72.0,62.0,58.0,60.0,70.0,64.0,70.0,76.0,5.0,6.0,5.0,5.0,6.0,LB,68.0,,,Serie A
232363, M. Škriniar,25,https://cdn.sofifa.com/players/232/363/20_60.png,Slovakia,https://cdn.sofifa.com/flags/sk.png,85,89,Inter,https://cdn.sofifa.com/teams/44/light_30.png,€44.5M,€130K,1813,Right,1.0,4.0,2.0,Medium/ High,PLAYER_BODY_TYPE_303,Yes,"<span class=""pos pos4"">RCB",37.0,"Jul 7, 2017",,2023,6'2,176lbs,40.0,42.0,82.0,73.0,40.0,67.0,34.0,30.0,69.0,69.0,70.0,68.0,48.0,83.0,51.0,50.0,78.0,73.0,84.0,30.0,86.0,86.0,30.0,57.0,56.0,81.0,,87.0,83.0,10.0,13.0,12.0,8.0,12.0,CB,86.0,€76.8M,92.0,Serie A
41635, 16 P. Mexès,33,https://cdn.sofifa.com/players/041/635/16_60.png,France,https://cdn.sofifa.com/flags/fr.png,77,77,Milan,https://cdn.sofifa.com/teams/47/light_30.png,€3.1M,€60K,1813,Right,2.0,3.0,2.0,Medium/ Medium,Normal (185+),Yes,"<span class=""pos pos4"">RCB",5.0,"Jul 1, 2011",,2016,6'2,181lbs,43.0,46.0,78.0,64.0,69.0,60.0,47.0,39.0,66.0,68.0,69.0,69.0,69.0,62.0,58.0,72.0,87.0,50.0,82.0,56.0,86.0,76.0,38.0,45.0,57.0,,78.0,80.0,80.0,3.0,3.0,3.0,5.0,5.0,CB,77.0,,,Serie A
241721, Rafael Leão,21,https://cdn.sofifa.com/players/241/721/20_60.png,Portugal,https://cdn.sofifa.com/flags/pt.png,74,83,Milan,https://cdn.sofifa.com/teams/47/light_30.png,€9M,€26K,1805,Right,1.0,4.0,4.0,High/ Low,Lean (185+),No,"<span class=""pos pos29"">RES",17.0,"Aug 1, 2019",,2024,6'2,179lbs,62.0,76.0,58.0,67.0,65.0,82.0,72.0,58.0,52.0,79.0,88.0,85.0,74.0,73.0,59.0,77.0,62.0,65.0,76.0,62.0,59.0,21.0,74.0,69.0,63.0,76.0,,24.0,21.0,10.0,12.0,15.0,11.0,9.0,RM,76.0,€17.1M,25.0,Serie A
177509, 19 M. Benatia,31,https://cdn.sofifa.com/players/177/509/19_60.png,Morocco,https://cdn.sofifa.com/flags/ma.png,86,86,Juventus,https://cdn.sofifa.com/teams/45/light_30.png,€30M,€160K,1803,Right,3.0,3.0,2.0,Medium/ High,Normal (185+),Yes,"<span class=""pos pos28"">SUB",4.0,"Aug 26, 2014",,2020,6'2,207lbs,45.0,47.0,83.0,65.0,44.0,64.0,34.0,27.0,65.0,64.0,65.0,75.0,59.0,82.0,53.0,66.0,85.0,69.0,91.0,24.0,86.0,86.0,38.0,47.0,41.0,82.0,89.0,87.0,85.0,7.0,4.0,8.0,7.0,11.0,CB,84.0,€49.5M,,Serie A
205966, A. Younes,26,https://cdn.sofifa.com/players/205/966/20_60.png,Germany,https://cdn.sofifa.com/flags/de.png,75,75,Napoli,https://cdn.sofifa.com/teams/48/light_30.png,€7M,€54K,1800,Right,2.0,2.0,4.0,Medium/ Medium,Normal (170-),No,"<span class=""pos pos29"">RES",34.0,"Jul 1, 2018",,2023,5'6,157lbs,60.0,58.0,44.0,76.0,62.0,87.0,79.0,59.0,57.0,85.0,78.0,70.0,83.0,74.0,90.0,55.0,38.0,73.0,47.0,56.0,55.0,42.0,74.0,77.0,58.0,68.0,,43.0,25.0,15.0,11.0,9.0,15.0,15.0,CAM,76.0,€11.9M,30.0,Serie A
225970, 19 A. Gnoukouri,20,https://cdn.sofifa.com/players/225/970/19_60.png,Ivory Coast,https://cdn.sofifa.com/flags/ci.png,68,76,Inter,https://cdn.sofifa.com/teams/44/light_30.png,€1.3M,€15K,1800,Right,1.0,3.0,3.0,Medium/ High,Lean (170-185),No,"<span class=""pos pos29"">RES",31.0,"Jul 1, 2014",,2020,5'11,157lbs,62.0,48.0,69.0,74.0,50.0,66.0,54.0,46.0,70.0,72.0,63.0,61.0,58.0,60.0,70.0,64.0,68.0,63.0,67.0,50.0,70.0,66.0,58.0,64.0,50.0,58.0,62.0,72.0,68.0,12.0,7.0,7.0,12.0,7.0,CDM,68.0,€2.5M,,Serie A
210413, A. Romagnoli,25,https://cdn.sofifa.com/players/210/413/20_60.png,Italy,https://cdn.sofifa.com/flags/it.png,83,87,Milan,https://cdn.sofifa.com/teams/47/light_30.png,€30M,€51K,1782,Left,2.0,3.0,2.0,Medium/ High,Normal (185+),No,"<span class=""pos pos6"">LCB",13.0,"Aug 11, 2015",,2022,6'2,172lbs,36.0,30.0,78.0,75.0,28.0,68.0,36.0,24.0,71.0,76.0,68.0,72.0,59.0,80.0,53.0,64.0,79.0,71.0,79.0,46.0,85.0,86.0,31.0,45.0,34.0,76.0,,86.0,82.0,9.0,14.0,12.0,8.0,9.0,CB,85.0,€53.3M,88.0,Serie A
216349, A. Halilović,24,https://cdn.sofifa.com/players/216/349/20_60.png,Croatia,https://cdn.sofifa.com/flags/hr.png,71,77,Milan,https://cdn.sofifa.com/teams/47/light_30.png,€3.2M,€19K,1773,Left,1.0,3.0,4.0,Medium/ Low,Lean (170-),No,"<span class=""pos pos29"">RES",77.0,"Jul 7, 2018",,2021,5'7,152lbs,71.0,57.0,24.0,73.0,64.0,75.0,80.0,69.0,69.0,77.0,74.0,71.0,76.0,68.0,84.0,63.0,54.0,60.0,32.0,68.0,40.0,44.0,68.0,72.0,66.0,70.0,,36.0,28.0,15.0,11.0,11.0,13.0,10.0,CAM,73.0,€6.1M,50.0,Serie A
206160, A. Ciciretti,26,https://cdn.sofifa.com/players/206/160/20_60.png,Italy,https://cdn.sofifa.com/flags/it.png,73,74,Napoli,https://cdn.sofifa.com/teams/48/light_30.png,€4.7M,€46K,1771,Left,1.0,4.0,4.0,High/ Medium,Normal (170-),No,"<span class=""pos pos29"">RES",18.0,"Jul 2, 2018",,2022,5'7,137lbs,67.0,67.0,43.0,76.0,65.0,74.0,75.0,67.0,71.0,74.0,77.0,77.0,89.0,66.0,77.0,68.0,37.0,62.0,45.0,74.0,44.0,32.0,68.0,74.0,60.0,76.0,,26.0,24.0,13.0,6.0,9.0,12.0,6.0,CAM,74.0,€8.3M,46.0,Serie A
11141, 16 M. Klose,37,https://cdn.sofifa.com/players/011/141/16_60.png,Germany,https://cdn.sofifa.com/flags/de.png,79,79,Lazio,https://cdn.sofifa.com/teams/46/light_30.png,€1.3M,€80K,1770,Right,4.0,4.0,2.0,Medium/ Low,Lean (170-185),Yes,"<span class=""pos pos25"">ST",11.0,"Jul 1, 2011",,2016,6'0,185lbs,62.0,84.0,88.0,69.0,76.0,68.0,65.0,50.0,42.0,76.0,69.0,69.0,64.0,74.0,61.0,76.0,89.0,53.0,72.0,52.0,48.0,24.0,87.0,64.0,77.0,,16.0,26.0,22.0,4.0,13.0,12.0,9.0,9.0,ST,77.0,,,Serie A
136130, 16 Alex,33,https://cdn.sofifa.com/players/136/130/16_60.png,Brazil,https://cdn.sofifa.com/flags/br.png,79,79,Milan,https://cdn.sofifa.com/teams/47/light_30.png,€4.5M,€80K,1757,Right,3.0,3.0,2.0,Medium/ Medium,Stocky (185+),Yes,"<span class=""pos pos28"">SUB",33.0,"Jul 1, 2014",,2016,6'2,203lbs,32.0,40.0,80.0,56.0,36.0,54.0,47.0,70.0,56.0,58.0,50.0,52.0,44.0,68.0,44.0,86.0,84.0,54.0,90.0,72.0,80.0,81.0,25.0,35.0,75.0,,82.0,82.0,78.0,9.0,6.0,6.0,14.0,11.0,CB,78.0,,,Serie A
208251, S. Longo,28,https://cdn.sofifa.com/players/208/251/20_60.png,Italy,https://cdn.sofifa.com/flags/it.png,68,68,Inter,https://cdn.sofifa.com/teams/44/light_30.png,€925K,€33K,1746,Right,1.0,3.0,3.0,High/ Medium,Lean (185+),No,"<span class=""pos pos29"">RES",90.0,"Jul 1, 2012",,2021,6'1,172lbs,56.0,68.0,64.0,62.0,68.0,67.0,58.0,43.0,40.0,69.0,72.0,72.0,72.0,69.0,64.0,69.0,80.0,64.0,75.0,66.0,78.0,28.0,69.0,60.0,64.0,76.0,,24.0,19.0,7.0,8.0,13.0,10.0,14.0,ST,68.0,€1.5M,54.0,Serie A
220534, S. Luperto,23,https://cdn.sofifa.com/players/220/534/20_60.png,Italy,https://cdn.sofifa.com/flags/it.png,71,79,Napoli,https://cdn.sofifa.com/teams/48/light_30.png,€3.2M,€26K,1745,Left,1.0,3.0,2.0,Low/ Medium,Lean (185+),No,"<span class=""pos pos28"">SUB",13.0,"Aug 23, 2013",,2023,6'3,165lbs,65.0,45.0,71.0,67.0,45.0,56.0,47.0,42.0,58.0,63.0,50.0,48.0,56.0,70.0,61.0,72.0,69.0,64.0,70.0,68.0,69.0,72.0,52.0,51.0,44.0,62.0,,76.0,74.0,12.0,6.0,12.0,11.0,6.0,CB,73.0,€6.1M,73.0,Serie A
235841, A. Bakayoko,22,https://cdn.sofifa.com/players/235/841/20_60.png,France,https://cdn.sofifa.com/flags/fr.png,64,76,Inter,https://cdn.sofifa.com/teams/44/light_30.png,€800K,€16K,1739,Right,1.0,3.0,3.0,High/ Medium,Normal (170-185),No,"<span class=""pos pos29"">RES",42.0,"Jul 1, 2016",,2023,5'10,152lbs,62.0,61.0,52.0,62.0,60.0,70.0,70.0,61.0,59.0,70.0,78.0,78.0,80.0,52.0,72.0,68.0,53.0,69.0,44.0,48.0,43.0,45.0,55.0,52.0,64.0,52.0,,58.0,53.0,14.0,7.0,9.0,6.0,7.0,RM,67.0,€1.5M,57.0,Serie A
224062, P. Dziczek,22,https://cdn.sofifa.com/players/224/062/20_60.png,Poland,https://cdn.sofifa.com/flags/pl.png,68,77,Lazio,https://cdn.sofifa.com/teams/46/light_30.png,€1.3M,€15K,1739,Right,1.0,2.0,2.0,Medium/ Medium,Lean (170-185),No,"<span class=""pos pos29"">RES",52.0,"Aug 23, 2019",,2024,5'11,165lbs,43.0,43.0,63.0,69.0,31.0,63.0,40.0,40.0,67.0,66.0,62.0,64.0,68.0,64.0,74.0,47.0,81.0,89.0,66.0,55.0,66.0,68.0,63.0,64.0,42.0,64.0,,63.0,61.0,10.0,8.0,12.0,11.0,15.0,CDM,69.0,€2.5M,61.0,Serie A
201024, K. Koulibaly,29,https://cdn.sofifa.com/players/201/024/20_60.png,Senegal,https://cdn.sofifa.com/flags/sn.png,88,88,Napoli,https://cdn.sofifa.com/teams/48/light_30.png,€50M,€140K,1734,Right,3.0,3.0,2.0,Medium/ High,PLAYER_BODY_TYPE_336,Yes,"<span class=""pos pos6"">LCB",26.0,"Jul 1, 2014",,2023,6'2,196lbs,30.0,22.0,84.0,74.0,14.0,69.0,28.0,28.0,63.0,74.0,73.0,77.0,52.0,85.0,41.0,55.0,82.0,70.0,94.0,15.0,87.0,87.0,35.0,52.0,33.0,82.0,,89.0,87.0,7.0,11.0,7.0,13.0,5.0,CB,88.0,€85M,91.0,Serie A
244263, A. Rrahmani,26,https://cdn.sofifa.com/players/244/263/20_60.png,Kosovo,https://cdn.sofifa.com/flags/xk.png,76,80,Napoli,https://cdn.sofifa.com/teams/48/light_30.png,€9M,€47K,1728,Right,1.0,4.0,2.0,High/ Medium,Normal (185+),No,"<span class=""pos pos28"">SUB",33.0,"Jan 20, 2020",,2024,6'4,183lbs,49.0,43.0,75.0,62.0,39.0,59.0,49.0,21.0,60.0,64.0,54.0,69.0,49.0,65.0,47.0,60.0,72.0,73.0,85.0,66.0,78.0,70.0,49.0,48.0,34.0,65.0,,82.0,80.0,12.0,8.0,13.0,8.0,7.0,CB,78.0,€16M,78.0,Serie A
137186, 19 A. Barzagli,37,https://cdn.sofifa.com/players/137/186/19_60.png,Italy,https://cdn.sofifa.com/flags/it.png,83,83,Juventus,https://cdn.sofifa.com/teams/45/light_30.png,€1.7M,€90K,1727,Right,3.0,3.0,2.0,Low/ Medium,Normal (185+),Yes,"<span class=""pos pos29"">RES",15.0,"Jan 1, 2011",,2019,6'2,192lbs,40.0,21.0,70.0,63.0,35.0,64.0,50.0,31.0,65.0,63.0,61.0,74.0,52.0,80.0,64.0,54.0,81.0,53.0,83.0,39.0,66.0,90.0,28.0,62.0,60.0,88.0,94.0,88.0,80.0,4.0,2.0,4.0,2.0,4.0,CB,81.0,€5.8M,,Serie A
216655, Bastos,28,https://cdn.sofifa.com/players/216/655/20_60.png,Angola,https://cdn.sofifa.com/flags/ao.png,77,78,Lazio,https://cdn.sofifa.com/teams/46/light_30.png,€8.5M,€50K,1719,Right,2.0,3.0,2.0,Medium/ High,Normal (170-185),No,"<span class=""pos pos28"">SUB",15.0,"Aug 17, 2016",,2021,5'11,170lbs,36.0,30.0,74.0,70.0,31.0,62.0,35.0,28.0,65.0,68.0,79.0,78.0,61.0,72.0,76.0,49.0,69.0,59.0,80.0,41.0,75.0,79.0,31.0,28.0,50.0,67.0,,80.0,77.0,13.0,8.0,11.0,12.0,12.0,CB,78.0,€15.1M,80.0,Serie A
6235, 09 P. Nedved,35,https://cdn.sofifa.com/players/006/235/09_60.png,Czech Republic,https://cdn.sofifa.com/flags/cz.png,80,88,Juventus,https://cdn.sofifa.com/teams/45/light_30.png,€0,€0,1708,Right,4.0,4.0,1.0,N/A/ N/A,Normal (170-185),Yes,"<span class=""pos pos16"">LM",11.0,,,2009,5'10,154lbs,82.0,73.0,51.0,86.0,,78.0,,80.0,79.0,83.0,75.0,74.0,,78.0,,84.0,,74.0,80.0,87.0,81.0,86.0,84.0,,84.0,,58.0,74.0,,11.0,22.0,79.0,22.0,22.0,CF,81.0,,,Serie A
236355, Luiz Felipe,23,https://cdn.sofifa.com/players/236/355/20_60.png,Brazil,https://cdn.sofifa.com/flags/br.png,77,85,Lazio,https://cdn.sofifa.com/teams/46/light_30.png,€12M,€41K,1708,Right,1.0,4.0,3.0,Medium/ High,Lean (185+),No,"<span class=""pos pos4"">RCB",3.0,"Aug 31, 2016",,2022,6'2,176lbs,53.0,22.0,71.0,72.0,32.0,69.0,31.0,35.0,66.0,71.0,76.0,75.0,63.0,78.0,46.0,44.0,72.0,52.0,68.0,26.0,81.0,82.0,28.0,58.0,44.0,58.0,,79.0,79.0,14.0,8.0,13.0,10.0,9.0,CB,79.0,€22.8M,81.0,Serie A
211320, D. Rugani,25,https://cdn.sofifa.com/players/211/320/20_60.png,Italy,https://cdn.sofifa.com/flags/it.png,80,83,Juventus,https://cdn.sofifa.com/teams/45/light_30.png,€16.5M,€71K,1706,Right,2.0,3.0,2.0,Low/ Medium,Lean (185+),Yes,"<span class=""pos pos28"">SUB",24.0,"Feb 4, 2015",,2023,6'3,185lbs,40.0,33.0,82.0,69.0,35.0,64.0,45.0,25.0,65.0,65.0,58.0,63.0,60.0,78.0,55.0,58.0,83.0,62.0,76.0,39.0,72.0,86.0,28.0,50.0,36.0,70.0,,83.0,80.0,5.0,10.0,5.0,5.0,5.0,CB,82.0,€28.5M,86.0,Serie A
231410, Brahim,20,https://cdn.sofifa.com/players/231/410/20_60.png,Spain,https://cdn.sofifa.com/flags/es.png,74,86,Milan,https://cdn.sofifa.com/teams/47/light_30.png,€10M,€26K,1697,Right,1.0,5.0,4.0,High/ Medium,Normal (170-185),Yes,"<span class=""pos pos28"">SUB",21.0,,"<a href=""/team/243/real-madrid/"">Real Madrid</a>","Jun 30, 2021",5'7,150lbs,60.0,69.0,30.0,72.0,55.0,82.0,72.0,47.0,50.0,81.0,77.0,74.0,82.0,70.0,89.0,70.0,65.0,54.0,35.0,67.0,41.0,20.0,69.0,70.0,58.0,72.0,,23.0,21.0,13.0,9.0,13.0,10.0,6.0,CAM,75.0,,43.0,Serie A
238160, M. Demiral,22,https://cdn.sofifa.com/players/238/160/20_60.png,Turkey,https://cdn.sofifa.com/flags/tr.png,76,85,Juventus,https://cdn.sofifa.com/teams/45/light_30.png,€11M,€48K,1696,Right,1.0,3.0,2.0,Medium/ High,Lean (185+),No,"<span class=""pos pos28"">SUB",28.0,"Jul 5, 2019",,2024,6'4,187lbs,31.0,32.0,76.0,64.0,42.0,55.0,48.0,23.0,61.0,61.0,73.0,71.0,64.0,70.0,59.0,60.0,69.0,67.0,82.0,38.0,81.0,78.0,26.0,38.0,41.0,69.0,,79.0,78.0,15.0,7.0,13.0,6.0,11.0,CB,78.0,€20.4M,77.0,Serie A
240988, D. Vavro,24,https://cdn.sofifa.com/players/240/988/20_60.png,Slovakia,https://cdn.sofifa.com/flags/sk.png,71,78,Lazio,https://cdn.sofifa.com/teams/46/light_30.png,€3M,€24K,1689,Right,1.0,3.0,2.0,Medium/ Medium,Normal (185+),No,"<span class=""pos pos29"">RES",93.0,"Jul 4, 2019",,2024,6'2,179lbs,26.0,37.0,73.0,69.0,36.0,52.0,25.0,30.0,65.0,63.0,61.0,69.0,50.0,58.0,64.0,69.0,72.0,63.0,85.0,58.0,75.0,68.0,48.0,48.0,52.0,67.0,,70.0,69.0,13.0,12.0,14.0,12.0,13.0,CB,73.0,€5.7M,70.0,Serie A
257579, D. Peeters,21,https://cdn.sofifa.com/players/257/579/20_60.png,Belgium,https://cdn.sofifa.com/flags/be.png,65,74,Juventus,https://cdn.sofifa.com/teams/45/light_30.png,€775K,€10K,1686,Right,1.0,2.0,2.0,Medium/ Medium,Normal (185+),No,"<span class=""pos pos29"">RES",40.0,"Jan 30, 2019",,2024,6'1,165lbs,62.0,39.0,60.0,72.0,47.0,54.0,43.0,45.0,71.0,51.0,68.0,65.0,49.0,67.0,56.0,70.0,57.0,64.0,59.0,49.0,68.0,55.0,63.0,64.0,45.0,49.0,,63.0,70.0,11.0,12.0,5.0,10.0,8.0,CDM,66.0,€1.4M,64.0,Serie A
223710, V. Muriqi,26,https://cdn.sofifa.com/players/223/710/20_60.png,Kosovo,https://cdn.sofifa.com/flags/xk.png,76,79,Lazio,https://cdn.sofifa.com/teams/46/light_30.png,€9.5M,€53K,1681,Left,1.0,3.0,3.0,High/ High,Normal (185+),No,"<span class=""pos pos28"">SUB",94.0,"Sep 15, 2020",,2025,6'4,190lbs,35.0,80.0,79.0,70.0,70.0,69.0,58.0,30.0,42.0,76.0,50.0,68.0,49.0,75.0,38.0,78.0,57.0,75.0,91.0,67.0,73.0,18.0,79.0,63.0,71.0,73.0,,25.0,22.0,8.0,9.0,14.0,9.0,10.0,ST,78.0,€16.9M,23.0,Serie A
251790, H. Rafia,21,https://cdn.sofifa.com/players/251/790/20_60.png,Tunisia,https://cdn.sofifa.com/flags/tn.png,65,74,Juventus,https://cdn.sofifa.com/teams/45/light_30.png,€850K,€11K,1675,Right,1.0,3.0,3.0,High/ Medium,Stocky (170-185),No,"<span class=""pos pos29"">RES",48.0,"Jul 17, 2019",,2024,5'9,150lbs,61.0,60.0,38.0,63.0,55.0,72.0,72.0,72.0,60.0,71.0,68.0,64.0,63.0,64.0,82.0,74.0,49.0,48.0,62.0,74.0,68.0,28.0,59.0,61.0,59.0,63.0,,33.0,19.0,13.0,12.0,5.0,9.0,11.0,CAM,67.0,€1.6M,26.0,Serie A
209401, D. Anderson,25,https://cdn.sofifa.com/players/209/401/20_60.png,Netherlands,https://cdn.sofifa.com/flags/nl.png,65,69,Lazio,https://cdn.sofifa.com/teams/46/light_30.png,€625K,€11K,1674,Right,1.0,3.0,3.0,Medium/ Medium,Normal (170-185),No,"<span class=""pos pos29"">RES",8.0,"Aug 3, 2018",,2023,5'11,159lbs,60.0,30.0,60.0,59.0,35.0,64.0,48.0,37.0,53.0,62.0,74.0,82.0,70.0,57.0,78.0,56.0,62.0,71.0,62.0,31.0,70.0,61.0,65.0,53.0,41.0,50.0,,60.0,62.0,9.0,15.0,6.0,15.0,7.0,RB,65.0,€1.1M,59.0,Serie A
257195, S. Muratore,22,https://cdn.sofifa.com/players/257/195/20_60.png,Italy,https://cdn.sofifa.com/flags/it.png,63,71,Juventus,https://cdn.sofifa.com/teams/45/light_30.png,€525K,€500,1648,Right,1.0,2.0,2.0,Medium/ Medium,Normal (185+),No,"<span class=""pos pos29"">RES",41.0,"Jun 26, 2020",,2022,6'1,163lbs,48.0,51.0,65.0,73.0,36.0,57.0,42.0,45.0,72.0,62.0,62.0,61.0,54.0,65.0,57.0,57.0,56.0,53.0,56.0,40.0,68.0,60.0,55.0,60.0,57.0,45.0,,67.0,63.0,8.0,9.0,14.0,8.0,13.0,CDM,66.0,€1.2M,54.0,Serie A
253167, Félix Correia,19,https://cdn.sofifa.com/players/253/167/20_60.png,Portugal,https://cdn.sofifa.com/flags/pt.png,66,84,Juventus,https://cdn.sofifa.com/teams/45/light_30.png,€1.4M,€12K,1643,Right,1.0,3.0,4.0,High/ Medium,Normal (170-185),No,"<span class=""pos pos29"">RES",45.0,"Aug 22, 2020",,2024,5'10,159lbs,60.0,58.0,41.0,57.0,56.0,74.0,64.0,49.0,52.0,68.0,84.0,80.0,82.0,64.0,78.0,64.0,57.0,52.0,56.0,55.0,48.0,24.0,57.0,60.0,57.0,70.0,,38.0,32.0,10.0,9.0,13.0,10.0,6.0,RM,67.0,€3.2M,28.0,Serie A
5003, 08 Cafu,37,https://cdn.sofifa.com/players/005/003/08_60.png,Brazil,https://cdn.sofifa.com/flags/br.png,83,88,Milan,https://cdn.sofifa.com/teams/47/light_30.png,€0,€0,1641,Right,4.0,3.0,1.0,N/A/ N/A,,,"<span class=""pos pos29"">RES",2.0,,,2007,5'9,165lbs,85.0,22.0,81.0,82.0,,82.0,,61.0,59.0,85.0,82.0,79.0,,69.0,,61.0,,91.0,55.0,59.0,70.0,90.0,83.0,,92.0,,89.0,85.0,,13.0,22.0,59.0,22.0,22.0,CF,86.0,,,Serie A
253162, H. Nicolussi Caviglia,20,https://cdn.sofifa.com/players/253/162/20_60.png,Italy,https://cdn.sofifa.com/flags/it.png,62,78,Juventus,https://cdn.sofifa.com/teams/45/light_30.png,€650K,€8K,1641,Right,1.0,3.0,2.0,High/ Medium,Lean (170-185),No,"<span class=""pos pos28"">SUB",41.0,"Mar 8, 2019",,2024,5'11,154lbs,47.0,44.0,57.0,71.0,42.0,62.0,50.0,48.0,69.0,63.0,67.0,63.0,59.0,61.0,68.0,70.0,57.0,61.0,48.0,48.0,58.0,45.0,63.0,59.0,49.0,45.0,,59.0,57.0,8.0,10.0,7.0,10.0,12.0,CAM,64.0,€1.5M,49.0,Serie A
255654, P. Kalulu,20,https://cdn.sofifa.com/players/255/654/20_60.png,France,https://cdn.sofifa.com/flags/fr.png,66,82,Milan,https://cdn.sofifa.com/teams/47/light_30.png,€1.3M,€7K,1638,Right,1.0,3.0,2.0,Medium/ High,Normal (170-185),No,"<span class=""pos pos29"">RES",86.0,"Aug 5, 2020",,2025,5'10,152lbs,56.0,31.0,68.0,68.0,31.0,54.0,54.0,44.0,54.0,60.0,72.0,70.0,55.0,60.0,72.0,45.0,74.0,60.0,61.0,32.0,59.0,63.0,47.0,49.0,49.0,63.0,,69.0,66.0,12.0,5.0,13.0,9.0,11.0,CB,67.0,€3M,65.0,Serie A
192774, K. Manolas,29,https://cdn.sofifa.com/players/192/774/20_60.png,Greece,https://cdn.sofifa.com/flags/gr.png,83,84,Napoli,https://cdn.sofifa.com/teams/48/light_30.png,€24.5M,€84K,1638,Right,3.0,2.0,2.0,Low/ High,Normal (185+),Yes,"<span class=""pos pos4"">RCB",44.0,"Jul 2, 2019",,2024,6'2,183lbs,27.0,25.0,80.0,60.0,16.0,54.0,30.0,10.0,61.0,65.0,80.0,83.0,67.0,81.0,60.0,40.0,86.0,69.0,81.0,12.0,86.0,86.0,25.0,22.0,26.0,83.0,,85.0,87.0,8.0,6.0,8.0,15.0,12.0,CB,83.0,€43.5M,85.0,Serie A
257785, M. Brescianini,20,https://cdn.sofifa.com/players/257/785/20_60.png,Italy,https://cdn.sofifa.com/flags/it.png,62,73,Milan,https://cdn.sofifa.com/teams/47/light_30.png,€475K,€4K,1635,Left,1.0,3.0,2.0,Low/ Medium,Lean (185+),No,"<span class=""pos pos29"">RES",44.0,"Jul 1, 2017",,2024,6'2,172lbs,50.0,34.0,61.0,64.0,39.0,61.0,48.0,40.0,64.0,60.0,68.0,61.0,51.0,66.0,52.0,59.0,62.0,68.0,68.0,48.0,65.0,54.0,61.0,59.0,54.0,57.0,,60.0,62.0,6.0,14.0,9.0,7.0,10.0,CM,63.0,€903K,50.0,Serie A
237383, A. Bastoni,21,https://cdn.sofifa.com/players/237/383/20_60.png,Italy,https://cdn.sofifa.com/flags/it.png,75,83,Inter,https://cdn.sofifa.com/teams/44/light_30.png,€9M,€46K,1629,Left,1.0,3.0,2.0,Medium/ Medium,Lean (185+),No,"<span class=""pos pos6"">LCB",95.0,"Aug 31, 2017",,2023,6'3,165lbs,47.0,26.0,75.0,64.0,35.0,49.0,37.0,36.0,62.0,61.0,59.0,65.0,42.0,77.0,57.0,49.0,71.0,59.0,68.0,25.0,79.0,78.0,43.0,38.0,47.0,65.0,,78.0,76.0,11.0,5.0,9.0,11.0,12.0,CB,77.0,€16.7M,78.0,Serie A
200702, 17 N. Oduamadi,25,https://cdn.sofifa.com/players/200/702/17_60.png,Nigeria,https://cdn.sofifa.com/flags/ng.png,65,66,Milan,https://cdn.sofifa.com/teams/47/light_30.png,€625K,€15K,1626,Right,1.0,3.0,4.0,High/ Medium,Lean (170-185),No,"<span class=""pos pos29"">RES",90.0,"Jul 1, 2010",,2021,5'9,143lbs,58.0,45.0,54.0,61.0,62.0,71.0,62.0,47.0,47.0,71.0,88.0,94.0,87.0,60.0,84.0,57.0,72.0,88.0,54.0,49.0,47.0,16.0,59.0,46.0,46.0,55.0,11.0,19.0,19.0,15.0,15.0,8.0,7.0,7.0,RM,66.0,,,Serie A
140601, 16 N. Vidić,33,https://cdn.sofifa.com/players/140/601/16_60.png,Serbia,https://cdn.sofifa.com/flags/rs.png,81,81,Inter,https://cdn.sofifa.com/teams/44/light_30.png,€7.5M,€80K,1609,Right,3.0,3.0,2.0,Low/ Medium,Normal (185+),Yes,"<span class=""pos pos28"">SUB",15.0,"Jul 1, 2014",,2016,6'3,194lbs,34.0,26.0,85.0,57.0,35.0,43.0,42.0,32.0,57.0,56.0,49.0,54.0,50.0,70.0,47.0,56.0,84.0,52.0,91.0,28.0,81.0,83.0,20.0,44.0,43.0,,84.0,84.0,82.0,11.0,4.0,13.0,7.0,5.0,CB,80.0,,,Serie A
5589, 09 Figo,35,https://cdn.sofifa.com/players/005/589/09_60.png,Portugal,https://cdn.sofifa.com/flags/pt.png,78,86,Inter,https://cdn.sofifa.com/teams/44/light_30.png,€0,€0,1591,Right,5.0,4.0,1.0,N/A/ N/A,Normal (170-185),Yes,"<span class=""pos pos29"">RES",7.0,,,2009,5'11,165lbs,83.0,72.0,54.0,84.0,,81.0,,83.0,76.0,85.0,73.0,74.0,,71.0,,81.0,,65.0,71.0,79.0,73.0,82.0,82.0,,82.0,,27.0,41.0,,6.0,22.0,76.0,22.0,22.0,CF,81.0,,,Serie A
230768, L. Clemenza,22,https://cdn.sofifa.com/players/230/768/20_60.png,Italy,https://cdn.sofifa.com/flags/it.png,66,73,Juventus,https://cdn.sofifa.com/teams/45/light_30.png,€900K,€15K,1588,Left,1.0,3.0,3.0,High/ Low,Lean (170-185),No,"<span class=""pos pos29"">RES",56.0,"Jul 1, 2017",,2020,5'9,170lbs,66.0,55.0,43.0,72.0,59.0,76.0,75.0,75.0,63.0,75.0,68.0,63.0,68.0,56.0,69.0,64.0,40.0,65.0,32.0,50.0,34.0,20.0,56.0,62.0,64.0,62.0,,28.0,28.0,3.0,2.0,4.0,5.0,4.0,LM,69.0,€1.7M,44.0,Serie A
162131, Llorente,35,https://cdn.sofifa.com/players/162/131/20_60.png,Spain,https://cdn.sofifa.com/flags/es.png,75,75,Napoli,https://cdn.sofifa.com/teams/48/light_30.png,€3.1M,€41K,1585,Right,3.0,3.0,3.0,Medium/ Medium,Normal (185+),No,"<span class=""pos pos29"">RES",87.0,"Sep 2, 2019",,2021,6'4,203lbs,44.0,79.0,90.0,73.0,81.0,67.0,57.0,40.0,49.0,80.0,29.0,32.0,32.0,80.0,30.0,79.0,52.0,34.0,86.0,64.0,71.0,25.0,84.0,70.0,70.0,82.0,,25.0,15.0,2.0,2.0,3.0,4.0,2.0,ST,75.0,€5.3M,34.0,Serie A
235842, A. Pinamonti,21,https://cdn.sofifa.com/players/235/842/20_60.png,Italy,https://cdn.sofifa.com/flags/it.png,68,81,Inter,https://cdn.sofifa.com/teams/44/light_30.png,€1.7M,€24K,1576,Right,1.0,3.0,3.0,Medium/ Medium,Lean (185+),No,"<span class=""pos pos29"">RES",99.0,"Sep 18, 2020",,2023,6'1,159lbs,40.0,73.0,70.0,53.0,72.0,64.0,43.0,47.0,36.0,74.0,64.0,60.0,62.0,67.0,64.0,68.0,64.0,60.0,66.0,67.0,52.0,16.0,70.0,45.0,69.0,60.0,,19.0,19.0,14.0,10.0,15.0,7.0,11.0,ST,70.0,€3.9M,15.0,Serie A
235690, A. Bifulco,23,https://cdn.sofifa.com/players/235/690/20_60.png,Italy,https://cdn.sofifa.com/flags/it.png,62,70,Napoli,https://cdn.sofifa.com/teams/48/light_30.png,€450K,€9K,1573,Right,1.0,3.0,2.0,High/ Medium,Lean (170-185),No,"<span class=""pos pos29"">RES",50.0,"Aug 8, 2016",,2021,5'8,139lbs,60.0,51.0,55.0,68.0,39.0,67.0,56.0,37.0,62.0,63.0,69.0,65.0,59.0,56.0,82.0,64.0,56.0,62.0,34.0,37.0,50.0,40.0,64.0,65.0,50.0,63.0,,42.0,48.0,9.0,6.0,14.0,9.0,9.0,RM,65.0,€855K,25.0,Serie A
255611, D. Maldini,18,https://cdn.sofifa.com/players/255/611/20_60.png,Italy,https://cdn.sofifa.com/flags/it.png,59,79,Milan,https://cdn.sofifa.com/teams/47/light_30.png,€325K,€2K,1570,Right,1.0,4.0,3.0,Medium/ Medium,Normal (185+),No,"<span class=""pos pos28"">SUB",27.0,"Feb 2, 2018",,2024,6'1,168lbs,52.0,48.0,48.0,66.0,48.0,60.0,60.0,60.0,58.0,62.0,67.0,69.0,65.0,56.0,66.0,60.0,54.0,47.0,53.0,50.0,46.0,34.0,54.0,56.0,52.0,55.0,,44.0,40.0,12.0,12.0,14.0,13.0,14.0,CAM,61.0,€878K,30.0,Serie A
257713, G. Frabotta,21,https://cdn.sofifa.com/players/257/713/20_60.png,Italy,https://cdn.sofifa.com/flags/it.png,64,73,Juventus,https://cdn.sofifa.com/teams/45/light_30.png,€625K,€9K,1569,Left,1.0,3.0,2.0,Medium/ Medium,Normal (185+),No,"<span class=""pos pos29"">RES",38.0,"Aug 1, 2020",,2023,6'2,154lbs,65.0,51.0,43.0,60.0,33.0,70.0,31.0,43.0,39.0,60.0,63.0,57.0,58.0,66.0,57.0,39.0,53.0,49.0,54.0,53.0,59.0,56.0,55.0,61.0,43.0,49.0,,67.0,73.0,8.0,6.0,14.0,12.0,8.0,LB,64.0,€1.2M,63.0,Serie A
215466, N. Maksimović,28,https://cdn.sofifa.com/players/215/466/20_60.png,Serbia,https://cdn.sofifa.com/flags/rs.png,77,78,Napoli,https://cdn.sofifa.com/teams/48/light_30.png,€8.5M,€53K,1562,Right,2.0,3.0,2.0,Medium/ High,Lean (185+),No,"<span class=""pos pos28"">SUB",19.0,"Jul 9, 2017",,2021,6'4,192lbs,45.0,22.0,79.0,59.0,28.0,49.0,29.0,23.0,59.0,61.0,56.0,61.0,49.0,71.0,58.0,39.0,64.0,61.0,86.0,29.0,78.0,80.0,29.0,31.0,26.0,70.0,,80.0,79.0,12.0,9.0,5.0,11.0,15.0,CB,78.0,€15.1M,79.0,Serie A
233926, Léo Duarte,23,https://cdn.sofifa.com/players/233/926/20_60.png,Brazil,https://cdn.sofifa.com/flags/br.png,71,80,Milan,https://cdn.sofifa.com/teams/47/light_30.png,€3.3M,€17K,1540,Right,1.0,2.0,2.0,Low/ High,Lean (170-185),No,"<span class=""pos pos28"">SUB",43.0,"Aug 7, 2019",,2024,6'0,168lbs,32.0,28.0,66.0,45.0,30.0,47.0,30.0,27.0,32.0,53.0,55.0,54.0,62.0,72.0,62.0,54.0,87.0,65.0,71.0,27.0,77.0,73.0,37.0,30.0,48.0,73.0,,76.0,73.0,10.0,13.0,9.0,8.0,13.0,CB,73.0,€6.3M,74.0,Serie A
240906, B. Adekanye,21,https://cdn.sofifa.com/players/240/906/20_60.png,Netherlands,https://cdn.sofifa.com/flags/nl.png,64,78,Lazio,https://cdn.sofifa.com/teams/46/light_30.png,€1M,€9K,1539,Left,1.0,3.0,3.0,Medium/ Medium,Normal (170-185),No,"<span class=""pos pos28"">SUB",34.0,"Jul 3, 2019",,2022,5'9,154lbs,62.0,64.0,49.0,60.0,55.0,69.0,53.0,44.0,46.0,68.0,73.0,69.0,68.0,59.0,74.0,63.0,52.0,49.0,53.0,48.0,45.0,21.0,60.0,51.0,52.0,58.0,,35.0,30.0,8.0,9.0,5.0,11.0,9.0,RW,64.0,€2.3M,25.0,Serie A
245639, André Anderson,20,https://cdn.sofifa.com/players/245/639/20_60.png,Italy,https://cdn.sofifa.com/flags/it.png,64,78,Lazio,https://cdn.sofifa.com/teams/46/light_30.png,€1M,€9K,1534,Right,1.0,3.0,3.0,High/ Medium,Lean (170-185),No,"<span class=""pos pos28"">SUB",28.0,"Jul 1, 2018",,2023,5'11,165lbs,50.0,60.0,50.0,67.0,57.0,70.0,54.0,40.0,58.0,66.0,70.0,70.0,71.0,55.0,65.0,65.0,51.0,63.0,47.0,50.0,35.0,15.0,65.0,66.0,60.0,55.0,,20.0,15.0,8.0,9.0,9.0,11.0,12.0,CAM,67.0,€2.3M,30.0,Serie A
182168, A. Ranocchia,32,https://cdn.sofifa.com/players/182/168/20_60.png,Italy,https://cdn.sofifa.com/flags/it.png,74,74,Inter,https://cdn.sofifa.com/teams/44/light_30.png,€3.6M,€59K,1534,Right,2.0,3.0,2.0,Low/ Medium,Lean (185+),Yes,"<span class=""pos pos28"">SUB",13.0,"Jun 1, 2010",,2021,6'5,179lbs,45.0,22.0,77.0,67.0,24.0,58.0,30.0,34.0,65.0,67.0,31.0,33.0,39.0,65.0,31.0,59.0,66.0,51.0,74.0,31.0,68.0,79.0,32.0,56.0,34.0,69.0,,80.0,76.0,12.0,15.0,11.0,12.0,15.0,CB,74.0,€5.9M,75.0,Serie A
257368, L. Pirola,18,https://cdn.sofifa.com/players/257/368/20_60.png,Italy,https://cdn.sofifa.com/flags/it.png,63,84,Inter,https://cdn.sofifa.com/teams/44/light_30.png,€775K,€4K,1532,Left,1.0,3.0,2.0,Medium/ High,Normal (185+),No,"<span class=""pos pos29"">RES",31.0,"Jan 1, 2020",,2025,6'1,174lbs,42.0,37.0,64.0,55.0,33.0,48.0,38.0,32.0,51.0,51.0,55.0,68.0,57.0,60.0,61.0,55.0,69.0,61.0,70.0,36.0,61.0,61.0,34.0,40.0,47.0,54.0,,67.0,66.0,9.0,13.0,9.0,12.0,12.0,CB,65.0,€2.1M,58.0,Serie A
216437, Wallace,25,https://cdn.sofifa.com/players/216/437/20_60.png,Brazil,https://cdn.sofifa.com/flags/br.png,74,78,Lazio,https://cdn.sofifa.com/teams/46/light_30.png,€6.5M,€38K,1528,Right,2.0,2.0,2.0,Medium/ Medium,Normal (185+),No,"<span class=""pos pos29"">RES",45.0,"Jul 28, 2016",,2021,6'3,187lbs,34.0,21.0,75.0,59.0,36.0,45.0,33.0,29.0,50.0,52.0,63.0,66.0,46.0,71.0,40.0,40.0,71.0,51.0,80.0,26.0,79.0,77.0,25.0,31.0,45.0,68.0,,77.0,74.0,15.0,11.0,11.0,10.0,11.0,CB,76.0,€11.5M,74.0,Serie A
230740, 18 Leandrinho,18,https://cdn.sofifa.com/players/230/740/18_60.png,Brazil,https://cdn.sofifa.com/flags/br.png,65,84,Napoli,https://cdn.sofifa.com/teams/48/light_30.png,€1.1M,€9K,1522,Right,1.0,2.0,3.0,Medium/ Low,Lean (170-185),No,"<span class=""pos pos28"">SUB",18.0,"Jan 13, 2017",,2021,5'9,146lbs,40.0,62.0,56.0,49.0,39.0,75.0,44.0,33.0,40.0,70.0,82.0,75.0,86.0,72.0,80.0,57.0,63.0,66.0,39.0,53.0,29.0,11.0,64.0,60.0,70.0,69.0,21.0,15.0,13.0,13.0,6.0,10.0,14.0,15.0,CAM,66.0,€2.6M,,Serie A
248874, N. Armini,19,https://cdn.sofifa.com/players/248/874/20_60.png,Italy,https://cdn.sofifa.com/flags/it.png,65,83,Lazio,https://cdn.sofifa.com/teams/46/light_30.png,€1.1M,€6K,1518,Right,1.0,3.0,2.0,Medium/ High,Normal (185+),No,"<span class=""pos pos29"">RES",13.0,"Jul 1, 2018",,2023,6'1,170lbs,39.0,34.0,63.0,62.0,34.0,52.0,39.0,42.0,44.0,53.0,65.0,56.0,54.0,58.0,63.0,54.0,62.0,52.0,66.0,33.0,64.0,66.0,27.0,42.0,45.0,58.0,,70.0,68.0,8.0,12.0,7.0,14.0,6.0,CB,67.0,€2.6M,64.0,Serie A
245491, 19 P. Beruatto,19,https://cdn.sofifa.com/players/245/491/19_60.png,Italy,https://cdn.sofifa.com/flags/it.png,62,78,Juventus,https://cdn.sofifa.com/teams/45/light_30.png,€575K,€6K,1510,Left,1.0,3.0,2.0,Medium/ Medium,Lean (170-185),No,"<span class=""pos pos28"">SUB",31.0,"Jul 1, 2018",,2021,6'0,172lbs,50.0,10.0,60.0,58.0,38.0,52.0,41.0,40.0,55.0,54.0,63.0,67.0,54.0,59.0,54.0,57.0,68.0,54.0,68.0,32.0,57.0,60.0,22.0,43.0,43.0,56.0,64.0,66.0,68.0,14.0,5.0,12.0,10.0,12.0,CB,63.0,€1.3M,,Serie A
1198, 12 F. Inzaghi,37,https://cdn.sofifa.com/players/001/198/12_60.png,Italy,https://cdn.sofifa.com/flags/it.png,73,73,Milan,https://cdn.sofifa.com/teams/47/light_30.png,€350K,€15K,1507,Right,3.0,3.0,2.0,Medium/ Low,Lean (170-185),No,"<span class=""pos pos29"">RES",9.0,"Jan 1, 2001",,2012,5'11,163lbs,35.0,87.0,77.0,61.0,80.0,50.0,56.0,32.0,34.0,65.0,67.0,39.0,53.0,88.0,65.0,55.0,74.0,31.0,30.0,45.0,43.0,15.0,94.0,57.0,79.0,,11.0,13.0,19.0,14.0,10.0,11.0,10.0,7.0,ST,72.0,,,Serie A
243047, 20 A. Marqués,18,https://cdn.sofifa.com/players/243/047/20_60.png,Venezuela,https://cdn.sofifa.com/flags/ve.png,61,81,Juventus,https://cdn.sofifa.com/teams/45/light_30.png,€525K,€6K,1503,Right,1.0,3.0,2.0,Medium/ Medium,Lean (170-185),No,"<span class=""pos pos29"">RES",35.0,"Jan 27, 2020",,2024,6'0,152lbs,36.0,65.0,63.0,49.0,43.0,62.0,42.0,37.0,34.0,63.0,66.0,70.0,65.0,55.0,66.0,62.0,64.0,54.0,64.0,57.0,45.0,26.0,53.0,52.0,61.0,56.0,,31.0,23.0,13.0,12.0,14.0,8.0,13.0,ST,60.0,€1.4M,35.0,Serie A
1183, 10 F. Cannavaro,35,https://cdn.sofifa.com/players/001/183/10_60.png,Italy,https://cdn.sofifa.com/flags/it.png,82,89,Juventus,https://cdn.sofifa.com/teams/45/light_30.png,€0,€0,1481,Right,4.0,3.0,1.0,N/A/ N/A,,,"<span class=""pos pos4"">RCB",5.0,,,2010,5'9,165lbs,42.0,21.0,87.0,75.0,,52.0,,34.0,74.0,71.0,69.0,68.0,,80.0,,45.0,,68.0,79.0,29.0,81.0,93.0,92.0,,83.0,,86.0,84.0,,5.0,21.0,74.0,21.0,21.0,CB,82.0,,,Serie A
241118, L. Coccolo,22,https://cdn.sofifa.com/players/241/118/20_60.png,Italy,https://cdn.sofifa.com/flags/it.png,62,72,Juventus,https://cdn.sofifa.com/teams/45/light_30.png,€450K,€9K,1481,Left,1.0,3.0,2.0,Medium/ Medium,Lean (185+),No,"<span class=""pos pos29"">RES",53.0,"Jul 1, 2017",,2023,6'2,165lbs,50.0,32.0,57.0,41.0,28.0,58.0,34.0,38.0,40.0,58.0,55.0,55.0,59.0,59.0,55.0,35.0,56.0,60.0,65.0,34.0,56.0,61.0,51.0,39.0,48.0,42.0,,70.0,70.0,6.0,11.0,14.0,8.0,7.0,CB,65.0,€833K,71.0,Serie A
1109, 09 P. Maldini,40,https://cdn.sofifa.com/players/001/109/09_60.png,Italy,https://cdn.sofifa.com/flags/it.png,77,89,Milan,https://cdn.sofifa.com/teams/47/light_30.png,€0,€0,1471,Right,5.0,4.0,1.0,N/A/ N/A,Normal (170-185),Yes,"<span class=""pos pos6"">LCB",3.0,,,2009,6'1,187lbs,73.0,42.0,85.0,76.0,,60.0,,26.0,70.0,76.0,50.0,55.0,,69.0,,60.0,,54.0,62.0,21.0,76.0,95.0,96.0,,90.0,,85.0,82.0,,5.0,21.0,70.0,21.0,21.0,CB,78.0,,,Serie A
256404, Jorge Silva,21,https://cdn.sofifa.com/players/256/404/20_60.png,Portugal,https://cdn.sofifa.com/flags/pt.png,64,72,Lazio,https://cdn.sofifa.com/teams/46/light_30.png,€600K,€7K,1463,Right,1.0,3.0,2.0,Medium/ Medium,Lean (170-185),No,"<span class=""pos pos29"">RES",49.0,"Aug 31, 2017",,2022,6'0,165lbs,38.0,26.0,65.0,56.0,34.0,41.0,44.0,34.0,45.0,52.0,55.0,60.0,59.0,55.0,58.0,55.0,75.0,55.0,54.0,22.0,60.0,60.0,29.0,33.0,38.0,50.0,,74.0,72.0,11.0,10.0,13.0,8.0,8.0,CB,66.0,€1.1M,64.0,Serie A
256899, L. Colombo,18,https://cdn.sofifa.com/players/256/899/20_60.png,Italy,https://cdn.sofifa.com/flags/it.png,61,79,Milan,https://cdn.sofifa.com/teams/47/light_30.png,€525K,€3K,1442,Left,1.0,3.0,2.0,Medium/ Medium,Normal (170-185),No,"<span class=""pos pos29"">RES",29.0,"Jul 1, 2018",,2024,6'0,181lbs,36.0,64.0,59.0,50.0,56.0,56.0,49.0,44.0,38.0,58.0,61.0,63.0,55.0,52.0,67.0,70.0,64.0,45.0,69.0,57.0,41.0,18.0,64.0,47.0,63.0,54.0,,20.0,16.0,9.0,6.0,7.0,6.0,9.0,ST,63.0,€1.2M,23.0,Serie A
258139, Raúl Moro,17,https://cdn.sofifa.com/players/258/139/20_60.png,Spain,https://cdn.sofifa.com/flags/es.png,60,80,Lazio,https://cdn.sofifa.com/teams/46/light_30.png,€400K,€2K,1417,Right,1.0,3.0,2.0,Medium/ Medium,Lean (170-),No,"<span class=""pos pos29"">RES",65.0,"Jun 10, 2020",,2022,5'6,132lbs,50.0,56.0,31.0,57.0,46.0,69.0,52.0,43.0,41.0,66.0,71.0,66.0,75.0,49.0,82.0,53.0,44.0,47.0,30.0,45.0,36.0,23.0,55.0,58.0,47.0,50.0,,26.0,22.0,7.0,14.0,11.0,6.0,9.0,CAM,61.0,€1.1M,30.0,Serie A
240277, M. Gabbia,20,https://cdn.sofifa.com/players/240/277/20_60.png,Italy,https://cdn.sofifa.com/flags/it.png,63,78,Milan,https://cdn.sofifa.com/teams/47/light_30.png,€750K,€5K,1405,Right,1.0,3.0,2.0,Low/ High,Lean (185+),No,"<span class=""pos pos28"">SUB",46.0,"Jul 1, 2017",,2024,6'1,172lbs,36.0,22.0,65.0,50.0,32.0,47.0,41.0,28.0,37.0,52.0,53.0,51.0,47.0,53.0,52.0,52.0,69.0,44.0,63.0,41.0,47.0,58.0,23.0,31.0,42.0,56.0,,71.0,68.0,11.0,5.0,12.0,14.0,14.0,CB,65.0,€1.7M,74.0,Serie A
252202, G. Bellodi,19,https://cdn.sofifa.com/players/252/202/20_60.png,Italy,https://cdn.sofifa.com/flags/it.png,58,71,Milan,https://cdn.sofifa.com/teams/47/light_30.png,€220K,€3K,1339,Right,1.0,2.0,2.0,Medium/ Medium,Normal (185+),No,"<span class=""pos pos29"">RES",58.0,"Jul 1, 2019",,2023,6'2,165lbs,29.0,22.0,56.0,39.0,36.0,30.0,32.0,28.0,30.0,39.0,61.0,60.0,49.0,56.0,63.0,46.0,66.0,63.0,57.0,28.0,48.0,54.0,28.0,30.0,50.0,45.0,,70.0,64.0,5.0,9.0,8.0,13.0,11.0,CB,60.0,€512K,59.0,Serie A
230621, G. Donnarumma,21,https://cdn.sofifa.com/players/230/621/20_60.png,Italy,https://cdn.sofifa.com/flags/it.png,85,92,Milan,https://cdn.sofifa.com/teams/47/light_30.png,€41.5M,€34K,1330,Right,3.0,3.0,1.0,Medium/ Medium,PLAYER_BODY_TYPE_333,Yes,"<span class=""pos pos0"">GK",99.0,"Jul 1, 2015",,2021,6'5,198lbs,12.0,12.0,12.0,34.0,8.0,28.0,12.0,14.0,24.0,28.0,46.0,54.0,64.0,79.0,38.0,57.0,72.0,34.0,72.0,18.0,30.0,26.0,14.0,50.0,24.0,68.0,,14.0,16.0,89.0,81.0,76.0,83.0,89.0,GK,85.0,€78.9M,20.0,Serie A
237669, A. Zerbin,21,https://cdn.sofifa.com/players/237/669/20_60.png,Italy,https://cdn.sofifa.com/flags/it.png,53,66,Napoli,https://cdn.sofifa.com/teams/48/light_30.png,€110K,€6K,1328,Right,1.0,3.0,2.0,Medium/ Medium,Normal (170-185),No,"<span class=""pos pos29"">RES",53.0,"Jan 31, 2017",,2023,6'0,176lbs,52.0,56.0,40.0,53.0,55.0,62.0,53.0,43.0,48.0,58.0,42.0,43.0,48.0,41.0,58.0,47.0,37.0,33.0,52.0,52.0,36.0,28.0,53.0,50.0,51.0,52.0,,34.0,30.0,5.0,6.0,8.0,10.0,13.0,CAM,55.0,€256K,31.0,Serie A
186153, W. Szczęsny,30,https://cdn.sofifa.com/players/186/153/20_60.png,Poland,https://cdn.sofifa.com/flags/pl.png,87,87,Juventus,https://cdn.sofifa.com/teams/45/light_30.png,€34M,€105K,1317,Right,3.0,3.0,1.0,Medium/ Medium,Lean (185+),Yes,"<span class=""pos pos0"">GK",1.0,"Jul 19, 2017",,2024,6'5,198lbs,12.0,12.0,16.0,32.0,14.0,11.0,16.0,14.0,36.0,22.0,51.0,47.0,55.0,82.0,51.0,55.0,71.0,45.0,65.0,14.0,40.0,15.0,14.0,48.0,18.0,65.0,,13.0,12.0,86.0,82.0,73.0,87.0,88.0,GK,87.0,€56.1M,20.0,Serie A
162835, S. Handanovič,35,https://cdn.sofifa.com/players/162/835/20_60.png,Slovenia,https://cdn.sofifa.com/flags/si.png,88,88,Inter,https://cdn.sofifa.com/teams/44/light_30.png,€16M,€100K,1317,Right,3.0,3.0,1.0,Medium/ Medium,PLAYER_BODY_TYPE_300,Yes,"<span class=""pos pos0"">GK",1.0,"Jul 1, 2012",,2021,6'4,203lbs,12.0,10.0,10.0,42.0,12.0,18.0,12.0,14.0,40.0,16.0,51.0,55.0,47.0,83.0,36.0,55.0,78.0,41.0,71.0,19.0,25.0,22.0,12.0,41.0,23.0,69.0,,10.0,13.0,88.0,85.0,73.0,89.0,89.0,GK,88.0,€26.4M,25.0,Serie A
1179, G. Buffon,42,https://cdn.sofifa.com/players/001/179/20_60.png,Italy,https://cdn.sofifa.com/flags/it.png,82,82,Juventus,https://cdn.sofifa.com/teams/45/light_30.png,€2.2M,€41K,1292,Right,4.0,2.0,1.0,Medium/ Medium,Normal (185+),Yes,"<span class=""pos pos28"">SUB",77.0,"Jul 4, 2019",,2021,6'4,203lbs,13.0,15.0,13.0,37.0,17.0,26.0,20.0,13.0,35.0,28.0,37.0,30.0,55.0,80.0,49.0,56.0,71.0,34.0,69.0,13.0,38.0,28.0,12.0,50.0,22.0,70.0,,11.0,11.0,77.0,76.0,74.0,91.0,78.0,GK,82.0,€3.6M,13.0,Serie A
47201, S. Proto,37,https://cdn.sofifa.com/players/047/201/20_60.png,Belgium,https://cdn.sofifa.com/flags/be.png,75,75,Lazio,https://cdn.sofifa.com/teams/46/light_30.png,€675K,€22K,1288,Right,2.0,2.0,1.0,Medium/ Medium,Lean (170-185),No,"<span class=""pos pos29"">RES",24.0,"Jul 4, 2018",,2021,6'0,163lbs,17.0,14.0,14.0,33.0,17.0,11.0,11.0,17.0,37.0,32.0,48.0,46.0,58.0,70.0,61.0,55.0,75.0,27.0,61.0,15.0,28.0,23.0,18.0,58.0,25.0,58.0,,11.0,17.0,74.0,71.0,73.0,76.0,75.0,GK,75.0,€1.1M,20.0,Serie A
24630, Pepe Reina,37,https://cdn.sofifa.com/players/024/630/20_60.png,Spain,https://cdn.sofifa.com/flags/es.png,79,79,Lazio,https://cdn.sofifa.com/teams/46/light_30.png,€1.3M,€30K,1287,Right,3.0,3.0,1.0,Medium/ Medium,PLAYER_BODY_TYPE_375,Yes,"<span class=""pos pos28"">SUB",25.0,"Sep 1, 2020",,2022,6'2,203lbs,11.0,14.0,13.0,19.0,11.0,10.0,11.0,11.0,22.0,23.0,43.0,49.0,50.0,74.0,60.0,60.0,71.0,34.0,70.0,15.0,32.0,22.0,13.0,65.0,24.0,64.0,,22.0,24.0,77.0,79.0,80.0,80.0,78.0,GK,79.0,€2.2M,20.0,Serie A
201325, C. Tătărușanu,34,https://cdn.sofifa.com/players/201/325/20_60.png,Romania,https://cdn.sofifa.com/flags/ro.png,78,78,Milan,https://cdn.sofifa.com/teams/47/light_30.png,€4.5M,€30K,1244,Right,2.0,3.0,1.0,Medium/ Medium,Lean (185+),No,"<span class=""pos pos28"">SUB",1.0,"Sep 11, 2020",,2023,6'6,198lbs,13.0,15.0,15.0,36.0,11.0,16.0,11.0,11.0,36.0,19.0,46.0,43.0,51.0,74.0,38.0,56.0,65.0,42.0,73.0,12.0,33.0,26.0,13.0,47.0,16.0,44.0,,15.0,12.0,79.0,76.0,75.0,77.0,80.0,GK,78.0,€7.7M,12.0,Serie A
212151, T. Strakosha,25,https://cdn.sofifa.com/players/212/151/20_60.png,Albania,https://cdn.sofifa.com/flags/al.png,83,88,Lazio,https://cdn.sofifa.com/teams/46/light_30.png,€25.5M,€57K,1224,Right,1.0,2.0,1.0,Medium/ Medium,Lean (185+),No,"<span class=""pos pos0"">GK",1.0,"Aug 9, 2012",,2022,6'4,172lbs,18.0,18.0,11.0,26.0,11.0,14.0,14.0,12.0,22.0,15.0,41.0,46.0,45.0,78.0,47.0,56.0,56.0,23.0,66.0,14.0,20.0,24.0,18.0,49.0,21.0,61.0,,18.0,12.0,86.0,79.0,75.0,81.0,88.0,GK,83.0,€45.3M,20.0,Serie A
225116, A. Meret,23,https://cdn.sofifa.com/players/225/116/20_60.png,Italy,https://cdn.sofifa.com/flags/it.png,78,87,Napoli,https://cdn.sofifa.com/teams/48/light_30.png,€12.5M,€36K,1212,Left,1.0,3.0,1.0,Medium/ Medium,Lean (185+),No,"<span class=""pos pos0"">GK",1.0,"Jul 5, 2018",,2023,6'3,183lbs,15.0,17.0,19.0,29.0,20.0,16.0,20.0,21.0,22.0,22.0,41.0,48.0,37.0,74.0,48.0,53.0,68.0,29.0,65.0,17.0,22.0,22.0,20.0,21.0,21.0,67.0,,21.0,12.0,79.0,74.0,70.0,77.0,82.0,GK,78.0,€23.8M,10.0,Serie A
176550, D. Ospina,31,https://cdn.sofifa.com/players/176/550/20_60.png,Colombia,https://cdn.sofifa.com/flags/co.png,79,79,Napoli,https://cdn.sofifa.com/teams/48/light_30.png,€8M,€48K,1195,Right,2.0,3.0,1.0,Medium/ Medium,Normal (170-185),Yes,"<span class=""pos pos28"">SUB",15.0,"Jul 4, 2019",,2022,6'0,176lbs,11.0,10.0,15.0,36.0,12.0,12.0,10.0,13.0,32.0,32.0,34.0,34.0,44.0,73.0,50.0,58.0,75.0,29.0,38.0,12.0,20.0,25.0,16.0,50.0,26.0,57.0,,13.0,12.0,82.0,72.0,77.0,77.0,84.0,GK,79.0,€13.6M,11.0,Serie A
1219, 16 C. Abbiati,37,https://cdn.sofifa.com/players/001/219/16_60.png,Italy,https://cdn.sofifa.com/flags/it.png,75,75,Milan,https://cdn.sofifa.com/teams/47/light_30.png,€1.3M,€40K,1160,Right,2.0,2.0,1.0,Medium/ Medium,Normal (185+),Yes,"<span class=""pos pos28"">SUB",32.0,"Jul 7, 2016",,2020,6'3,203lbs,14.0,13.0,12.0,35.0,12.0,14.0,10.0,11.0,35.0,20.0,42.0,34.0,54.0,69.0,52.0,23.0,72.0,34.0,66.0,17.0,35.0,15.0,10.0,34.0,21.0,,10.0,13.0,14.0,80.0,72.0,60.0,80.0,77.0,GK,75.0,,,Serie A
234102, I. Radu,23,https://cdn.sofifa.com/players/234/102/20_60.png,Romania,https://cdn.sofifa.com/flags/ro.png,75,85,Inter,https://cdn.sofifa.com/teams/44/light_30.png,€8.5M,€43K,1142,Right,1.0,2.0,1.0,Medium/ Medium,Lean (185+),Yes,"<span class=""pos pos28"">SUB",97.0,"Aug 13, 2013",,2021,6'2,172lbs,13.0,18.0,16.0,24.0,16.0,15.0,16.0,15.0,26.0,17.0,42.0,38.0,43.0,65.0,40.0,54.0,59.0,32.0,58.0,17.0,22.0,14.0,9.0,37.0,15.0,56.0,,19.0,15.0,79.0,69.0,72.0,75.0,80.0,GK,75.0,€15.7M,12.0,Serie A
189342, C. Pinsoglio,30,https://cdn.sofifa.com/players/189/342/20_60.png,Italy,https://cdn.sofifa.com/flags/it.png,72,72,Juventus,https://cdn.sofifa.com/teams/45/light_30.png,€2.1M,€32K,1118,Left,1.0,2.0,1.0,Medium/ Medium,Lean (185+),No,"<span class=""pos pos29"">RES",31.0,"Jul 1, 2014",,2021,6'4,187lbs,13.0,11.0,13.0,24.0,8.0,18.0,11.0,18.0,28.0,22.0,43.0,41.0,36.0,62.0,40.0,44.0,71.0,34.0,60.0,6.0,32.0,18.0,11.0,35.0,22.0,64.0,,12.0,13.0,74.0,70.0,58.0,74.0,76.0,GK,72.0,€3.5M,20.0,Serie A
220532, N. Contini,24,https://cdn.sofifa.com/players/220/532/20_60.png,Ukraine,https://cdn.sofifa.com/flags/ua.png,64,72,Napoli,https://cdn.sofifa.com/teams/48/light_30.png,€500K,€7K,1078,Right,1.0,1.0,1.0,Medium/ Medium,Normal (185+),No,"<span class=""pos pos28"">SUB",16.0,"Aug 1, 2012",,2024,6'3,181lbs,17.0,15.0,19.0,26.0,12.0,15.0,18.0,18.0,21.0,20.0,47.0,49.0,39.0,62.0,51.0,43.0,59.0,21.0,58.0,20.0,20.0,19.0,17.0,18.0,26.0,44.0,,14.0,19.0,64.0,63.0,57.0,61.0,65.0,GK,64.0,€950K,5.0,Serie A
221332, G. Guerrieri,24,https://cdn.sofifa.com/players/221/332/20_60.png,Italy,https://cdn.sofifa.com/flags/it.png,62,69,Lazio,https://cdn.sofifa.com/teams/46/light_30.png,€325K,€5K,1071,Right,1.0,2.0,1.0,Medium/ Medium,Normal (170-185),No,"<span class=""pos pos28"">SUB",23.0,"Jul 10, 2015",,2021,6'0,172lbs,12.0,13.0,19.0,27.0,13.0,16.0,18.0,16.0,19.0,20.0,41.0,49.0,35.0,61.0,48.0,44.0,54.0,22.0,67.0,14.0,18.0,23.0,16.0,28.0,23.0,51.0,,15.0,14.0,63.0,60.0,59.0,60.0,62.0,GK,62.0,€618K,22.0,Serie A
219715, 19 R. Di Gennaro,24,https://cdn.sofifa.com/players/219/715/19_60.png,Italy,https://cdn.sofifa.com/flags/it.png,67,70,Inter,https://cdn.sofifa.com/teams/44/light_30.png,€675K,€10K,1068,Right,1.0,2.0,1.0,Medium/ Medium,Lean (185+),No,"<span class=""pos pos28"">SUB",93.0,"Jul 11, 2010",,2020,6'2,176lbs,11.0,14.0,15.0,26.0,19.0,18.0,12.0,17.0,18.0,25.0,40.0,46.0,36.0,64.0,41.0,22.0,60.0,39.0,50.0,11.0,21.0,22.0,12.0,41.0,25.0,67.0,4.0,19.0,16.0,68.0,64.0,59.0,63.0,70.0,GK,66.0,€1.2M,,Serie A
162297, D. Padelli,34,https://cdn.sofifa.com/players/162/297/20_60.png,Italy,https://cdn.sofifa.com/flags/it.png,73,73,Inter,https://cdn.sofifa.com/teams/44/light_30.png,€1.8M,€44K,1043,Left,2.0,2.0,1.0,Medium/ Medium,Normal (185+),No,"<span class=""pos pos28"">SUB",27.0,"Jul 2, 2017",,2021,6'3,181lbs,11.0,10.0,10.0,26.0,10.0,10.0,13.0,10.0,29.0,21.0,49.0,39.0,38.0,70.0,27.0,47.0,65.0,30.0,45.0,11.0,12.0,13.0,10.0,30.0,22.0,69.0,,12.0,12.0,72.0,72.0,63.0,76.0,70.0,GK,73.0,€3M,8.0,Serie A
201179, A. Donnarumma,29,https://cdn.sofifa.com/players/201/179/20_60.png,Italy,https://cdn.sofifa.com/flags/it.png,66,66,Milan,https://cdn.sofifa.com/teams/47/light_30.png,€450K,€8K,952,Right,1.0,2.0,1.0,Medium/ Medium,Normal (185+),No,"<span class=""pos pos28"">SUB",90.0,"Jul 17, 2017",,2021,6'4,212lbs,13.0,10.0,10.0,11.0,11.0,19.0,16.0,12.0,11.0,23.0,13.0,22.0,30.0,62.0,35.0,38.0,54.0,19.0,75.0,13.0,17.0,10.0,10.0,33.0,21.0,63.0,,19.0,11.0,70.0,62.0,51.0,59.0,74.0,GK,66.0,€765K,18.0,Serie A
54037, T. Berni,37,https://cdn.sofifa.com/players/054/037/20_60.png,Italy,https://cdn.sofifa.com/flags/it.png,64,64,Inter,https://cdn.sofifa.com/teams/44/light_30.png,€45K,€8K,951,Right,1.0,2.0,1.0,Medium/ Medium,Normal (185+),No,"<span class=""pos pos29"">RES",46.0,"Jul 5, 2017",,2020,6'1,176lbs,11.0,15.0,10.0,28.0,13.0,8.0,14.0,13.0,27.0,15.0,29.0,29.0,37.0,59.0,35.0,44.0,43.0,26.0,43.0,16.0,25.0,13.0,10.0,28.0,20.0,58.0,,12.0,12.0,64.0,60.0,59.0,64.0,66.0,GK,64.0,€77K,3.0,Serie A
